officialAdministrativeCode	adminArea1	adminArea2	adminArea3	latitude	longitude	nx	ny	officialOrder
1100000000	서울특별시			37.563569	126.980008	60	127	1
1111000000	서울특별시	종로구		37.570378	126.981642	60	127	2
1111051500	서울특별시	종로구	청운효자동	37.584137	126.970652	60	127	3
1111053000	서울특별시	종로구	사직동	37.573269	126.970956	60	127	4
1111054000	서울특별시	종로구	삼청동	37.582425	126.983978	60	127	5
1111055000	서울특별시	종로구	부암동	37.589856	126.966444	60	127	6
1111056000	서울특별시	종로구	평창동	37.602522	126.968878	60	127	7
1111057000	서울특별시	종로구	무악동	37.571539	126.961208	60	127	8
1111058000	서울특별시	종로구	교남동	37.569075	126.9641	60	127	9
1111060000	서울특별시	종로구	가회동	37.577253	126.986911	60	127	10
1111061500	서울특별시	종로구	종로1.2.3.4가동	37.567886	126.991067	60	127	11
1111063000	서울특별시	종로구	종로5.6가동	37.569211	127.007156	60	127	12
1111064000	서울특별시	종로구	이화동	37.574214	127.006397	60	127	13
1111065000	서울특별시	종로구	혜화동	37.583989	127.002622	60	127	14
1111067000	서울특별시	종로구	창신제1동	37.567936	127.018464	61	127	15
1111068000	서울특별시	종로구	창신제2동	37.571644	127.012964	60	127	16
1111069000	서울특별시	종로구	창신제3동	37.575047	127.017164	60	127	17
1111070000	서울특별시	종로구	숭인제1동	37.575028	127.017664	60	127	18
1111071000	서울특별시	종로구	숭인제2동	37.572036	127.022056	61	127	19
1114000000	서울특별시	중구		37.561003	126.999642	60	127	20
1114052000	서울특별시	중구	소공동	37.559631	126.979108	60	127	21
1114054000	서울특별시	중구	회현동	37.554483	126.981444	60	126	22
1114055000	서울특별시	중구	명동	37.557236	126.987889	60	127	23
1114057000	서울특별시	중구	필동	37.557353	126.997711	60	127	24
1114058000	서울특별시	중구	장충동	37.559117	127.009933	60	127	25
1114059000	서울특별시	중구	광희동	37.561731	127.007164	60	127	26
1114060500	서울특별시	중구	을지로동	37.5639	126.993431	60	127	27
1114061500	서울특별시	중구	신당동	37.559311	127.016633	60	127	28
1114062500	서울특별시	중구	다산동	37.551617	127.010308	60	126	29
1114063500	서울특별시	중구	약수동	37.549658	127.011086	60	126	30
1114064500	서울특별시	중구	청구동	37.554258	127.016789	60	126	31
1114065000	서울특별시	중구	신당제5동	37.562331	127.023967	61	127	32
1114066500	서울특별시	중구	동화동	37.557228	127.021542	61	127	33
1114067000	서울특별시	중구	황학동	37.564664	127.023497	61	127	34
1114068000	서울특별시	중구	중림동	37.552033	126.9666	60	126	35
1117000000	서울특별시	용산구		37.536094	126.967522	60	126	36
1117051000	서울특별시	용산구	후암동	37.545881	126.980267	60	126	37
1117052000	서울특별시	용산구	용산2가동	37.543119	126.987564	60	126	38
1117053000	서울특별시	용산구	남영동	37.542833	126.976967	60	126	39
1117055500	서울특별시	용산구	청파동	37.542556	126.972042	60	126	40
1117056000	서울특별시	용산구	원효로제1동	37.535869	126.968342	60	126	41
1117057000	서울특별시	용산구	원효로제2동	37.531592	126.953578	59	126	42
1117058000	서울특별시	용산구	효창동	37.538953	126.963397	60	126	43
1117059000	서울특별시	용산구	용문동	37.53625	126.959664	60	126	44
1117062500	서울특별시	용산구	한강로동	37.526242	126.971533	60	126	45
1117063000	서울특별시	용산구	이촌제1동	37.518403	126.975356	60	126	46
1117064000	서울특별시	용산구	이촌제2동	37.524031	126.956331	59	126	47
1117065000	서울특별시	용산구	이태원제1동	37.529492	126.997042	60	126	48
1117066000	서울특별시	용산구	이태원제2동	37.537972	126.991844	60	126	49
1117068500	서울특별시	용산구	한남동	37.531886	127.002644	60	126	50
1117069000	서울특별시	용산구	서빙고동	37.517606	126.996778	60	126	51
1117070000	서울특별시	용산구	보광동	37.523464	127.002333	60	126	52
1120000000	서울특별시	성동구		37.560611	127.039	61	127	53
1120052000	서울특별시	성동구	왕십리제2동	37.558336	127.032711	61	127	54
1120053500	서울특별시	성동구	왕십리도선동	37.567754	127.025559	61	127	55
1120054000	서울특별시	성동구	마장동	37.563433	127.047564	61	127	56
1120055000	서울특별시	성동구	사근동	37.558406	127.047956	61	127	57
1120056000	서울특별시	성동구	행당제1동	37.555353	127.038078	61	126	58
1120057000	서울특별시	성동구	행당제2동	37.555575	127.031533	61	126	59
1120058000	서울특별시	성동구	응봉동	37.550347	127.035497	61	126	60
1120059000	서울특별시	성동구	금호1가동	37.552069	127.023944	61	126	61
1120061500	서울특별시	성동구	금호2.3가동	37.553188	127.020859	61	126	62
1120062000	서울특별시	성동구	금호4가동	37.544472	127.024475	61	126	63
1120064500	서울특별시	성동구	옥수동	37.543717	127.013463	60	126	64
1120065000	서울특별시	성동구	성수1가제1동	37.538958	127.051986	61	126	65
1120066000	서울특별시	성동구	성수1가제2동	37.543528	127.046364	61	126	66
1120067000	서울특별시	성동구	성수2가제1동	37.536703	127.0562	61	126	67
1120069000	서울특별시	성동구	성수2가제3동	37.545431	127.057333	61	126	68
1120072000	서울특별시	성동구	송정동	37.551728	127.071708	61	126	69
1120079000	서울특별시	성동구	용답동	37.561367	127.057433	61	127	70
1121500000	서울특별시	광진구		37.535739	127.084533	62	126	71
1121571000	서울특별시	광진구	화양동	37.543786	127.073464	61	126	72
1121573000	서울특별시	광진구	군자동	37.552353	127.077997	62	126	73
1121574000	서울특별시	광진구	중곡제1동	37.557842	127.082164	62	127	74
1121575000	서울특별시	광진구	중곡제2동	37.557475	127.083544	62	127	75
1121576000	서울특별시	광진구	중곡제3동	37.565917	127.082253	62	127	76
1121577000	서울특별시	광진구	중곡제4동	37.562511	127.089353	62	127	77
1121578000	서울특별시	광진구	능동	37.551028	127.082644	62	126	78
1121581000	서울특별시	광진구	광장동	37.544214	127.105308	62	126	79
1121582000	서울특별시	광진구	자양제1동	37.531686	127.084419	62	126	80
1121583000	서울특별시	광진구	자양제2동	37.526	127.0866	62	126	81
1121584000	서울특별시	광진구	자양제3동	37.531033	127.075031	61	126	82
1121584700	서울특별시	광진구	자양제4동	37.537486	127.067253	61	126	83
1121585000	서울특별시	광진구	구의제1동	37.539675	127.087867	62	126	84
1121586000	서울특별시	광진구	구의제2동	37.544439	127.092108	62	126	85
1121587000	서울특별시	광진구	구의제3동	37.536139	127.099689	62	126	86
1123000000	서울특별시	동대문구		37.571625	127.042142	61	127	87
1123051500	서울특별시	동대문구	신설동	37.573966	127.025736	61	127	88
1123053300	서울특별시	동대문구	용두동	37.575803	127.037247	61	127	89
1123054500	서울특별시	동대문구	제기동	37.583077	127.037784	61	127	90
1123056000	서울특별시	동대문구	전농제1동	37.575211	127.049867	61	127	91
1123057000	서울특별시	동대문구	전농제2동	37.581703	127.053864	61	127	92
1123060000	서울특별시	동대문구	답십리제1동	37.569275	127.054222	61	127	93
1123061000	서울특별시	동대문구	답십리제2동	37.569153	127.061575	61	127	94
1123065000	서울특별시	동대문구	장안제1동	37.564986	127.068478	61	127	95
1123066000	서울특별시	동대문구	장안제2동	37.568408	127.075308	61	127	96
1123070500	서울특별시	동대문구	청량리동	37.586259	127.047277	61	127	97
1123071000	서울특별시	동대문구	회기동	37.588008	127.057489	61	127	98
1123072000	서울특별시	동대문구	휘경제1동	37.590158	127.067819	61	127	99
1123073000	서울특별시	동대문구	휘경제2동	37.588494	127.069656	61	127	100
1123074000	서울특별시	동대문구	이문제1동	37.595	127.067631	61	127	101
1123075000	서울특별시	동대문구	이문제2동	37.591731	127.058619	61	127	102
1126000000	서울특별시	중랑구		37.603806	127.094778	62	128	103
1126052000	서울특별시	중랑구	면목제2동	37.586983	127.081133	62	127	104
1126054000	서울특별시	중랑구	면목제4동	37.571817	127.087622	62	127	105
1126055000	서울특별시	중랑구	면목제5동	37.583047	127.081722	62	127	106
1126056500	서울특별시	중랑구	면목본동	37.584561	127.089678	62	127	107
1126057000	서울특별시	중랑구	면목제7동	37.5762	127.089086	62	127	108
1126057500	서울특별시	중랑구	면목제3.8동	37.580236	127.090219	62	127	109
1126058000	서울특별시	중랑구	상봉제1동	37.597028	127.089289	62	127	110
1126059000	서울특별시	중랑구	상봉제2동	37.589611	127.085389	62	127	111
1126060000	서울특별시	중랑구	중화제1동	37.598386	127.082778	62	127	112
1126061000	서울특별시	중랑구	중화제2동	37.592217	127.077022	62	127	113
1126062000	서울특별시	중랑구	묵제1동	37.609622	127.080586	62	128	114
1126063000	서울특별시	중랑구	묵제2동	37.606797	127.078144	62	128	115
1126065500	서울특별시	중랑구	망우본동	37.598692	127.108464	62	127	116
1126066000	서울특별시	중랑구	망우제3동	37.589578	127.100267	62	127	117
1126068000	서울특별시	중랑구	신내1동	37.603083	127.101553	62	128	118
1126069000	서울특별시	중랑구	신내2동	37.603431	127.096275	62	128	119
1129000000	서울특별시	성북구		37.586383	127.020333	61	127	120
1129052500	서울특별시	성북구	성북동	37.587442	127.006086	60	127	121
1129055500	서울특별시	성북구	삼선동	37.582847	127.009556	60	127	122
1129057500	서울특별시	성북구	동선동	37.591278	127.022508	61	127	123
1129058000	서울특별시	성북구	돈암제1동	37.600508	127.028289	61	127	124
1129059000	서울특별시	성북구	돈암제2동	37.595256	127.012711	60	127	125
1129060000	서울특별시	성북구	안암동	37.583058	127.023478	61	127	126
1129061000	서울특별시	성북구	보문동	37.577589	127.0249	61	127	127
1129062000	서울특별시	성북구	정릉제1동	37.598642	127.018742	60	127	128
1129063000	서울특별시	성북구	정릉제2동	37.601667	127.013242	60	127	129
1129064000	서울특별시	성북구	정릉제3동	37.606167	127.006289	60	128	130
1129065000	서울특별시	성북구	정릉제4동	37.610786	127.008208	60	128	131
1129066000	서울특별시	성북구	길음제1동	37.601783	127.024167	61	127	132
1129068500	서울특별시	성북구	길음제2동	37.60385	127.0294	61	128	133
1129070500	서울특별시	성북구	종암동	37.597331	127.033553	61	127	134
1129071500	서울특별시	성북구	월곡제1동	37.604203	127.036142	61	128	135
1129072500	서울특별시	성북구	월곡제2동	37.599942	127.041689	61	127	136
1129076000	서울특별시	성북구	장위제1동	37.611192	127.045856	61	128	137
1129077000	서울특별시	성북구	장위제2동	37.609664	127.056708	61	128	138
1129078000	서울특별시	성북구	장위제3동	37.613772	127.058722	61	128	139
1129081000	서울특별시	성북구	석관동	37.610161	127.063519	61	128	140
1130500000	서울특별시	강북구		37.636956	127.027719	61	128	141
1130553400	서울특별시	강북구	삼양동	37.624483	127.020511	61	128	142
1130553500	서울특별시	강북구	미아동	37.624136	127.029019	61	128	143
1130554500	서울특별시	강북구	송중동	37.613361	127.035833	61	128	144
1130555500	서울특별시	강북구	송천동	37.615517	127.025956	61	128	145
1130557500	서울특별시	강북구	삼각산동	37.614431	127.019853	61	128	146
1130559500	서울특별시	강북구	번1동	37.635158	127.031019	61	128	147
1130560300	서울특별시	강북구	번2동	37.629386	127.040944	61	128	148
1130560800	서울특별시	강북구	번3동	37.623094	127.048689	61	128	149
1130561500	서울특별시	강북구	수유1동	37.630733	127.019297	60	128	150
1130562500	서울특별시	강북구	수유2동	37.641881	127.022042	61	128	151
1130563500	서울특별시	강북구	수유3동	37.635972	127.025319	61	128	152
1130564500	서울특별시	강북구	우이동	37.645194	127.014067	60	128	153
1130566000	서울특별시	강북구	인수동	37.638733	127.012767	60	128	154
1132000000	서울특별시	도봉구		37.665833	127.049522	61	129	155
1132051100	서울특별시	도봉구	창제1동	37.645647	127.045997	61	128	156
1132051200	서울특별시	도봉구	창제2동	37.638728	127.037767	61	128	157
1132051300	서울특별시	도봉구	창제3동	37.635269	127.045008	61	128	158
1132051400	서울특별시	도봉구	창제4동	37.649397	127.053667	61	129	159
1132051500	서울특별시	도봉구	창제5동	37.649214	127.041297	61	129	160
1132052100	서울특별시	도봉구	도봉제1동	37.675819	127.045511	61	129	161
1132052200	서울특별시	도봉구	도봉제2동	37.667	127.048708	61	129	162
1132066000	서울특별시	도봉구	쌍문제1동	37.645247	127.028178	61	128	163
1132067000	서울특별시	도봉구	쌍문제2동	37.655081	127.040911	61	129	164
1132068000	서울특별시	도봉구	쌍문제3동	37.646194	127.030089	61	128	165
1132068100	서울특별시	도봉구	쌍문제4동	37.653625	127.030544	61	129	166
1132069000	서울특별시	도봉구	방학제1동	37.661433	127.042767	61	129	167
1132070000	서울특별시	도봉구	방학제2동	37.665436	127.037222	61	129	168
1132071000	서울특별시	도봉구	방학제3동	37.656228	127.030078	61	129	169
1135000000	서울특별시	노원구		37.651461	127.058389	61	129	170
1135056000	서울특별시	노원구	월계1동	37.617319	127.065089	61	128	171
1135057000	서울특별시	노원구	월계2동	37.629761	127.052997	61	128	172
1135058000	서울특별시	노원구	월계3동	37.618206	127.071331	61	128	173
1135059500	서울특별시	노원구	공릉1동	37.624727	127.073752	61	128	174
1135060000	서울특별시	노원구	공릉2동	37.618569	127.085442	62	128	175
1135061100	서울특별시	노원구	하계1동	37.637783	127.074731	61	128	176
1135061200	서울특별시	노원구	하계2동	37.62925	127.070111	61	128	177
1135061900	서울특별시	노원구	중계본동	37.645072	127.082456	62	128	178
1135062100	서울특별시	노원구	중계1동	37.649786	127.079664	62	129	179
1135062400	서울특별시	노원구	중계4동	37.655967	127.080089	62	129	180
1135062500	서울특별시	노원구	중계2.3동	37.642183	127.068713	61	128	181
1135063000	서울특별시	노원구	상계1동	37.677103	127.057211	61	129	182
1135064000	서울특별시	노원구	상계2동	37.655975	127.070708	61	129	183
1135066500	서울특별시	노원구	상계3.4동	37.661	127.077467	61	129	184
1135067000	서울특별시	노원구	상계5동	37.660219	127.071486	61	129	185
1135069500	서울특별시	노원구	상계6.7동	37.652089	127.069067	61	129	186
1135070000	서울특별시	노원구	상계8동	37.663944	127.053667	61	129	187
1135071000	서울특별시	노원구	상계9동	37.661711	127.065956	61	129	188
1135072000	서울특별시	노원구	상계10동	37.658433	127.062367	61	129	189
1138000000	서울특별시	은평구		37.599969	126.931242	59	127	190
1138051000	서울특별시	은평구	녹번동	37.599961	126.936844	59	127	191
1138052000	서울특별시	은평구	불광제1동	37.607536	126.934189	59	128	192
1138053000	서울특별시	은평구	불광제2동	37.618794	126.929819	59	128	193
1138055100	서울특별시	은평구	갈현제1동	37.620897	126.918789	59	128	194
1138055200	서울특별시	은평구	갈현제2동	37.615767	126.917889	59	128	195
1138056000	서울특별시	은평구	구산동	37.609019	126.9125	59	128	196
1138057000	서울특별시	은평구	대조동	37.611339	126.922889	59	128	197
1138058000	서울특별시	은평구	응암제1동	37.597911	126.928864	59	127	198
1138059000	서울특별시	은평구	응암제2동	37.591817	126.925131	59	127	199
1138060000	서울특별시	은평구	응암제3동	37.589386	126.917842	59	127	200
1138062500	서울특별시	은평구	역촌동	37.601619	126.917278	59	127	201
1138063100	서울특별시	은평구	신사제1동	37.595219	126.914386	59	127	202
1138063200	서울특별시	은평구	신사제2동	37.589333	126.914833	59	127	203
1138064000	서울특별시	은평구	증산동	37.581531	126.909222	59	127	204
1138065000	서울특별시	은평구	수색동	37.581358	126.899642	58	127	205
1138069000	서울특별시	은평구	진관동	37.6356	126.921111	59	128	206
1141000000	서울특별시	서대문구		37.576367	126.938897	59	127	207
1141052000	서울특별시	서대문구	천연동	37.568303	126.961175	60	127	208
1141055500	서울특별시	서대문구	북아현동	37.556869	126.958911	59	126	209
1141056500	서울특별시	서대문구	충현동	37.562061	126.956844	59	127	210
1141058500	서울특별시	서대문구	신촌동	37.556739	126.945586	59	126	211
1141061500	서울특별시	서대문구	연희동	37.571122	126.937353	59	127	212
1141062000	서울특별시	서대문구	홍제제1동	37.5849	126.946986	59	127	213
1141064000	서울특별시	서대문구	홍제제3동	37.592444	126.951167	59	127	214
1141065500	서울특별시	서대문구	홍제제2동	37.583339	126.951467	59	127	215
1141066000	서울특별시	서대문구	홍은제1동	37.590431	126.945956	59	127	216
1141068500	서울특별시	서대문구	홍은제2동	37.580158	126.938486	59	127	217
1141069000	서울특별시	서대문구	남가좌제1동	37.571194	126.915578	59	127	218
1141070000	서울특별시	서대문구	남가좌제2동	37.575628	126.925911	59	127	219
1141071000	서울특별시	서대문구	북가좌제1동	37.576711	126.908978	59	127	220
1141072000	서울특별시	서대문구	북가좌제2동	37.578603	126.913219	59	127	221
1144000000	서울특별시	마포구		37.560706	126.910531	59	127	222
1144055500	서울특별시	마포구	아현동	37.544344	126.954222	59	126	223
1144056500	서울특별시	마포구	공덕동	37.547442	126.962089	60	126	224
1144058500	서울특별시	마포구	도화동	37.5349	126.952131	59	126	225
1144059000	서울특별시	마포구	용강동	37.539247	126.943733	59	126	226
1144060000	서울특별시	마포구	대흥동	37.55305	126.944811	59	126	227
1144061000	서울특별시	마포구	염리동	37.544386	126.947719	59	126	228
1144063000	서울특별시	마포구	신수동	37.544067	126.936642	59	126	229
1144065500	서울특별시	마포구	서강동	37.544447	126.934156	59	126	230
1144066000	서울특별시	마포구	서교동	37.549656	126.922975	59	126	231
1144068000	서울특별시	마포구	합정동	37.546722	126.907753	59	126	232
1144069000	서울특별시	마포구	망원제1동	37.552433	126.907767	59	126	233
1144070000	서울특별시	마포구	망원제2동	37.557564	126.904311	59	126	234
1144071000	서울특별시	마포구	연남동	37.561694	126.924067	59	127	235
1144072000	서울특별시	마포구	성산제1동	37.560583	126.910022	59	127	236
1144073000	서울특별시	마포구	성산제2동	37.565931	126.911153	59	127	237
1144074000	서울특별시	마포구	상암동	37.575514	126.896811	58	127	238
1147000000	서울특별시	양천구		37.514231	126.868708	58	126	239
1147051000	서울특별시	양천구	목1동	37.527539	126.873233	58	126	240
1147052000	서울특별시	양천구	목2동	37.543353	126.873808	58	126	241
1147053000	서울특별시	양천구	목3동	37.542097	126.8666	58	126	242
1147054000	서울특별시	양천구	목4동	37.529533	126.870497	58	126	243
1147055000	서울특별시	양천구	목5동	37.532417	126.880753	58	126	244
1147056000	서울특별시	양천구	신월1동	37.530006	126.8336	57	126	245
1147057000	서울특별시	양천구	신월2동	37.522172	126.846586	58	126	246
1147058000	서울특별시	양천구	신월3동	37.530847	126.831175	57	126	247
1147059000	서울특별시	양천구	신월4동	37.521906	126.842156	57	126	248
1147060000	서울특별시	양천구	신월5동	37.536889	126.829444	57	126	249
1147061000	서울특별시	양천구	신월6동	37.513303	126.845767	58	126	250
1147061100	서울특별시	양천구	신월7동	37.519092	126.836764	57	126	251
1147062000	서울특별시	양천구	신정1동	37.515731	126.856397	58	126	252
1147063000	서울특별시	양천구	신정2동	37.516408	126.872697	58	126	253
1147064000	서울특별시	양천구	신정3동	37.512336	126.856886	58	126	254
1147065000	서울특별시	양천구	신정4동	37.520636	126.8608	58	126	255
1147067000	서울특별시	양천구	신정6동	37.514247	126.866486	58	126	256
1147068000	서울특별시	양천구	신정7동	37.5116	126.861756	58	125	257
1150000000	서울특별시	강서구		37.548156	126.851675	58	126	258
1150051000	서울특별시	강서구	염창동	37.551044	126.873044	58	126	259
1150052000	서울특별시	강서구	등촌제1동	37.553067	126.860997	58	126	260
1150053000	서울특별시	강서구	등촌제2동	37.539853	126.864597	58	126	261
1150053500	서울특별시	강서구	등촌제3동	37.556094	126.850008	58	126	262
1150054000	서울특별시	강서구	화곡제1동	37.527744	126.843742	58	126	263
1150055000	서울특별시	강서구	화곡제2동	37.528789	126.856744	58	126	264
1150056000	서울특별시	강서구	화곡제3동	37.539942	126.840464	57	126	265
1150057000	서울특별시	강서구	화곡제4동	37.530133	126.865233	58	126	266
1150059000	서울특별시	강서구	화곡본동	37.541244	126.849753	58	126	267
1150059100	서울특별시	강서구	화곡제6동	37.548994	126.852244	58	126	268
1150059300	서울특별시	강서구	화곡제8동	37.529892	126.850422	58	126	269
1150060300	서울특별시	강서구	가양제1동	37.566478	126.842664	57	127	270
1150060400	서울특별시	강서구	가양제2동	37.564606	126.853364	58	127	271
1150060500	서울특별시	강서구	가양제3동	37.558275	126.862686	58	127	272
1150061100	서울특별시	강서구	발산제1동	37.550269	126.835244	57	126	273
1150061500	서울특별시	강서구	우장산동	37.548247	126.841885	58	126	274
1150062000	서울특별시	강서구	공항동	37.556106	126.812164	57	126	275
1150063000	서울특별시	강서구	방화제1동	37.568772	126.814311	57	127	276
1150064000	서울특별시	강서구	방화제2동	37.563875	126.808831	57	127	277
1150064100	서울특별시	강서구	방화제3동	37.575942	126.816019	57	127	278
1153000000	서울특별시	구로구		37.49265	126.889597	58	125	279
1153051000	서울특별시	구로구	신도림동	37.504978	126.882653	58	125	280
1153052000	서울특별시	구로구	구로제1동	37.490203	126.877856	58	125	281
1153053000	서울특별시	구로구	구로제2동	37.488603	126.885667	58	125	282
1153054000	서울특별시	구로구	구로제3동	37.483056	126.895686	58	125	283
1153055000	서울특별시	구로구	구로제4동	37.488831	126.891222	58	125	284
1153056000	서울특별시	구로구	구로제5동	37.497278	126.891378	58	125	285
1153059500	서울특별시	구로구	가리봉동	37.477981	126.891986	58	125	286
1153072000	서울특별시	구로구	고척제1동	37.497608	126.8648	58	125	287
1153073000	서울특별시	구로구	고척제2동	37.503778	126.860431	58	125	288
1153074000	서울특별시	구로구	개봉제1동	37.499386	126.849264	58	125	289
1153075000	서울특별시	구로구	개봉제2동	37.488025	126.858619	58	125	290
1153076000	서울특별시	구로구	개봉제3동	37.483172	126.855889	58	125	291
1153077000	서울특별시	구로구	오류제1동	37.494247	126.847089	58	125	292
1153078000	서울특별시	구로구	오류제2동	37.485992	126.841608	57	125	293
1153079000	서울특별시	구로구	수궁동	37.491106	126.833567	57	125	294
1153080000	서울특별시	구로구	항동	37.482174	126.810716	57	125	295
1154500000	서울특별시	금천구		37.449108	126.904197	59	124	296
1154551000	서울특별시	금천구	가산동	37.474125	126.893808	58	125	297
1154561000	서울특별시	금천구	독산제1동	37.467458	126.8991	58	125	298
1154562000	서울특별시	금천구	독산제2동	37.463294	126.901844	59	124	299
1154563000	서울특별시	금천구	독산제3동	37.473789	126.909989	59	125	300
1154564000	서울특별시	금천구	독산제4동	37.464656	126.904222	59	124	301
1154567000	서울특별시	금천구	시흥제1동	37.452147	126.899419	58	124	302
1154568000	서울특별시	금천구	시흥제2동	37.447292	126.918831	59	124	303
1154569000	서울특별시	금천구	시흥제3동	37.437519	126.907975	59	124	304
1154570000	서울특별시	금천구	시흥제4동	37.456175	126.908242	59	124	305
1154571000	서울특별시	금천구	시흥제5동	37.449586	126.910408	59	124	306
1156000000	서울특별시	영등포구		37.523611	126.898342	58	126	307
1156051500	서울특별시	영등포구	영등포본동	37.514683	126.909305	59	126	308
1156053500	서울특별시	영등포구	영등포동	37.520398	126.910691	59	126	309
1156054000	서울특별시	영등포구	여의동	37.514889	126.936756	59	126	310
1156055000	서울특별시	영등포구	당산제1동	37.522158	126.899522	58	126	311
1156056000	서울특별시	영등포구	당산제2동	37.531939	126.904244	59	126	312
1156058500	서울특별시	영등포구	도림동	37.509475	126.89595	59	125	313
1156060500	서울특별시	영등포구	문래동	37.517097	126.899542	59	126	314
1156061000	서울특별시	영등포구	양평제1동	37.520847	126.890286	58	126	315
1156062000	서울특별시	영등포구	양평제2동	37.535	126.898022	58	126	316
1156063000	서울특별시	영등포구	신길제1동	37.508172	126.923478	59	125	317
1156065000	서울특별시	영등포구	신길제3동	37.504622	126.909919	59	125	318
1156066000	서울특별시	영등포구	신길제4동	37.505672	126.913375	59	125	319
1156067000	서울특별시	영등포구	신길제5동	37.498822	126.907344	59	125	320
1156068000	서울특별시	영등포구	신길제6동	37.496564	126.911944	59	125	321
1156069000	서울특별시	영등포구	신길제7동	37.503656	126.923478	59	125	322
1156070000	서울특별시	영등포구	대림제1동	37.492589	126.907964	59	125	323
1156071000	서울특별시	영등포구	대림제2동	37.489925	126.900356	58	125	324
1156072000	서울특별시	영등포구	대림제3동	37.495486	126.900211	58	125	325
1159000000	서울특별시	동작구		37.509656	126.941575	59	125	326
1159051000	서울특별시	동작구	노량진제1동	37.509481	126.944086	59	125	327
1159052000	서울특별시	동작구	노량진제2동	37.505733	126.939386	59	125	328
1159053000	서울특별시	동작구	상도제1동	37.50405	126.953022	59	125	329
1159054000	서울특별시	동작구	상도제2동	37.502642	126.9444	59	125	330
1159055000	서울특별시	동작구	상도제3동	37.496367	126.933389	59	125	331
1159056000	서울특별시	동작구	상도제4동	37.497778	126.939875	59	125	332
1159060500	서울특별시	동작구	흑석동	37.506739	126.962611	60	125	333
1159062000	서울특별시	동작구	사당제1동	37.473611	126.975733	60	125	334
1159063000	서울특별시	동작구	사당제2동	37.485619	126.979508	60	125	335
1159064000	서울특별시	동작구	사당제3동	37.483825	126.974086	60	125	336
1159065000	서울특별시	동작구	사당제4동	37.478186	126.973722	60	125	337
1159065100	서울특별시	동작구	사당제5동	37.482797	126.969108	60	125	338
1159066000	서울특별시	동작구	대방동	37.505331	126.928444	59	125	339
1159067000	서울특별시	동작구	신대방제1동	37.48615	126.912108	59	125	340
1159068000	서울특별시	동작구	신대방제2동	37.496122	126.927975	59	125	341
1162000000	서울특별시	관악구		37.475386	126.953844	59	125	342
1162052500	서울특별시	관악구	보라매동	37.485306	126.934886	59	125	343
1162054500	서울특별시	관악구	청림동	37.489039	126.960667	59	125	344
1162056500	서울특별시	관악구	성현동	37.489624	126.948136	59	125	345
1162057500	서울특별시	관악구	행운동	37.477883	126.959033	59	125	346
1162058500	서울특별시	관악구	낙성대동	37.4735	126.960489	60	125	347
1162059500	서울특별시	관악구	청룡동	37.479151	126.94155	59	125	348
1162060500	서울특별시	관악구	은천동	37.485309	126.942428	59	125	349
1162061500	서울특별시	관악구	중앙동	37.481442	126.951756	59	125	350
1162062500	서울특별시	관악구	인헌동	37.472306	126.967375	59	125	351
1162063000	서울특별시	관악구	남현동	37.471789	126.979956	60	125	352
1162064500	서울특별시	관악구	서원동	37.479735	126.9313	59	125	353
1162065500	서울특별시	관악구	신원동	37.478778	126.929419	59	125	354
1162066500	서울특별시	관악구	서림동	37.472164	126.937056	59	125	355
1162068500	서울특별시	관악구	신사동	37.485412	126.91808	59	125	356
1162069500	서울특별시	관악구	신림동	37.487426	126.927075	59	125	357
1162071500	서울특별시	관악구	난향동	37.461429	126.918842	59	124	358
1162072500	서울특별시	관악구	조원동	37.48263	126.907865	59	125	359
1162073500	서울특별시	관악구	대학동	37.470615	126.936991	59	125	360
1162074500	서울특별시	관악구	삼성동	37.470101	126.932963	59	125	361
1162076500	서울특별시	관악구	미성동	37.476176	126.915553	59	125	362
1162077500	서울특별시	관악구	난곡동	37.470963	126.921651	59	125	363
1165000000	서울특별시	서초구		37.480786	127.034811	61	125	364
1165051000	서울특별시	서초구	서초1동	37.486	127.021111	61	125	365
1165052000	서울특별시	서초구	서초2동	37.48925	127.026911	61	125	366
1165053000	서울특별시	서초구	서초3동	37.480783	127.014567	60	125	367
1165053100	서울특별시	서초구	서초4동	37.499856	127.024222	61	125	368
1165054000	서울특별시	서초구	잠원동	37.512089	127.016053	60	126	369
1165055000	서울특별시	서초구	반포본동	37.49765	126.988133	60	125	370
1165056000	서울특별시	서초구	반포1동	37.503319	127.014467	60	125	371
1165057000	서울특별시	서초구	반포2동	37.501783	126.996575	60	125	372
1165058000	서울특별시	서초구	반포3동	37.509172	127.007753	60	125	373
1165058100	서울특별시	서초구	반포4동	37.494758	127.002442	60	125	374
1165059000	서울특별시	서초구	방배본동	37.491444	126.990833	60	125	375
1165060000	서울특별시	서초구	방배1동	37.480558	126.996608	60	125	376
1165061000	서울특별시	서초구	방배2동	37.476967	126.987611	60	125	377
1165062000	서울특별시	서초구	방배3동	37.477539	127.001133	60	125	378
1165062100	서울특별시	서초구	방배4동	37.486817	126.993322	60	125	379
1165065100	서울특별시	서초구	양재1동	37.481636	127.038153	61	125	380
1165065200	서울특별시	서초구	양재2동	37.467781	127.043144	61	125	381
1165066000	서울특별시	서초구	내곡동	37.459144	127.053411	61	124	382
1168000000	서울특별시	강남구		37.514575	127.049556	61	126	383
1168051000	서울특별시	강남구	신사동	37.521339	127.025022	61	126	384
1168052100	서울특별시	강남구	논현1동	37.508789	127.030511	61	125	385
1168053100	서울특별시	강남구	논현2동	37.514436	127.039289	61	126	386
1168054500	서울특별시	강남구	압구정동	37.530642	127.030713	61	126	387
1168056500	서울특별시	강남구	청담동	37.525108	127.0493	61	126	388
1168058000	서울특별시	강남구	삼성1동	37.509042	127.057531	61	125	389
1168059000	서울특별시	강남구	삼성2동	37.508389	127.048086	61	125	390
1168060000	서울특별시	강남구	대치1동	37.490506	127.063856	61	125	391
1168061000	서울특별시	강남구	대치2동	37.497111	127.069019	61	125	392
1168063000	서울특별시	강남구	대치4동	37.496964	127.059853	61	125	393
1168064000	서울특별시	강남구	역삼1동	37.492583	127.035144	61	125	394
1168065000	서울특별시	강남구	역삼2동	37.493247	127.048856	61	125	395
1168065500	서울특별시	강남구	도곡1동	37.488067	127.040497	61	125	396
1168065600	서울특별시	강남구	도곡2동	37.479864	127.0454	61	125	397
1168066000	서울특별시	강남구	개포1동	37.479097	127.059556	61	125	398
1168067000	서울특별시	강남구	개포2동	37.485175	127.075742	62	125	399
1168067500	서울특별시	강남구	개포3동	37.492144	127.073673	62	125	400
1168069000	서울특별시	강남구	개포4동	37.476028	127.053733	61	125	401
1168070000	서울특별시	강남구	세곡동	37.466367	127.109364	62	125	402
1168072000	서울특별시	강남구	일원본동	37.480533	127.0886	62	125	403
1168073000	서울특별시	강남구	일원1동	37.489058	127.090131	62	125	404
1168075000	서울특별시	강남구	수서동	37.486028	127.107	62	125	405
1171000000	서울특별시	송파구		37.511756	127.107931	62	126	406
1171051000	서울특별시	송파구	풍납1동	37.535247	127.124244	62	126	407
1171052000	서울특별시	송파구	풍납2동	37.52595	127.118864	62	126	408
1171053100	서울특별시	송파구	거여1동	37.494108	127.145408	63	125	409
1171053200	서울특별시	송파구	거여2동	37.490686	127.149	63	125	410
1171054000	서울특별시	송파구	마천1동	37.493222	127.152089	63	125	411
1171055000	서울특별시	송파구	마천2동	37.494075	127.150678	63	125	412
1171056100	서울특별시	송파구	방이1동	37.508147	127.126011	62	125	413
1171056200	서울특별시	송파구	방이2동	37.511756	127.116533	62	126	414
1171056600	서울특별시	송파구	오륜동	37.512589	127.1365	63	126	415
1171057000	서울특별시	송파구	오금동	37.50015	127.130244	62	125	416
1171058000	서울특별시	송파구	송파1동	37.503131	127.111819	62	125	417
1171059000	서울특별시	송파구	송파2동	37.499436	127.118911	62	125	418
1171060000	서울특별시	송파구	석촌동	37.500775	127.105753	62	125	419
1171061000	서울특별시	송파구	삼전동	37.499978	127.094642	62	125	420
1171062000	서울특별시	송파구	가락본동	37.492772	127.123911	62	125	421
1171063100	서울특별시	송파구	가락1동	37.49375	127.107686	62	125	422
1171063200	서울특별시	송파구	가락2동	37.495844	127.128642	62	125	423
1171064100	서울특별시	송파구	문정1동	37.487192	127.1262	62	125	424
1171064200	서울특별시	송파구	문정2동	37.487053	127.113064	62	125	425
1171064600	서울특별시	송파구	장지동	37.484136	127.134533	63	125	426
1171064700	서울특별시	송파구	위례동	37.479166	127.141492	63	125	427
1171065000	서울특별시	송파구	잠실본동	37.503356	127.086419	62	125	428
1171067000	서울특별시	송파구	잠실2동	37.511914	127.089975	62	126	429
1171068000	서울특별시	송파구	잠실3동	37.504489	127.096411	62	125	430
1171069000	서울특별시	송파구	잠실4동	37.516444	127.110056	62	126	431
1171071000	서울특별시	송파구	잠실6동	37.515383	127.102653	62	126	432
1171072000	서울특별시	송파구	잠실7동	37.505861	127.079133	62	125	433
1174000000	서울특별시	강동구		37.527367	127.125864	62	126	434
1174051500	서울특별시	강동구	강일동	37.566714	127.1804	63	127	435
1174052500	서울특별시	강동구	상일제1동	37.5506	127.1683	63	126	436
1174052600	서울특별시	강동구	상일제2동	37.55	127.1759	63	126	437
1174053000	서울특별시	강동구	명일제1동	37.546964	127.148022	63	126	438
1174054000	서울특별시	강동구	명일제2동	37.543553	127.153444	63	126	439
1174055000	서울특별시	강동구	고덕제1동	37.556244	127.151019	63	127	440
1174056000	서울특별시	강동구	고덕제2동	37.557714	127.166486	63	127	441
1174057000	서울특별시	강동구	암사제1동	37.548717	127.134764	63	126	442
1174058000	서울특별시	강동구	암사제2동	37.548961	127.129353	62	126	443
1174059000	서울특별시	강동구	암사제3동	37.552372	127.140375	63	126	444
1174060000	서울특별시	강동구	천호제1동	37.542303	127.138878	63	126	445
1174061000	서울특별시	강동구	천호제2동	37.539786	127.122908	62	126	446
1174062000	서울특별시	강동구	천호제3동	37.536972	127.131967	62	126	447
1174064000	서울특별시	강동구	성내제1동	37.527847	127.126031	62	126	448
1174065000	서울특별시	강동구	성내제2동	37.529603	127.131586	62	126	449
1174066000	서울특별시	강동구	성내제3동	37.523372	127.134886	63	126	450
1174068500	서울특별시	강동구	길동	37.539217	127.146168	63	126	451
1174069000	서울특별시	강동구	둔촌제1동	37.52075	127.138831	63	126	452
1174070000	서울특별시	강동구	둔촌제2동	37.53055	127.144019	63	126	453
1200000000	전남광주통합특별시			34.813044	126.465	51	67	454
1211000000	전남광주통합특별시	목포시		34.808789	126.394419	50	67	455
1211051000	전남광주통합특별시	목포시	용당1동	34.801358	126.395475	50	66	456
1211052000	전남광주통합특별시	목포시	용당2동	34.801611	126.399933	50	66	457
1211053500	전남광주통합특별시	목포시	연동	34.791589	126.393642	50	66	458
1211054500	전남광주통합특별시	목포시	산정동	34.806047	126.3886	50	67	459
1211055400	전남광주통합특별시	목포시	연산동	34.809867	126.3791	50	67	460
1211055800	전남광주통합특별시	목포시	원산동	34.80875	126.383064	50	67	461
1211056500	전남광주통합특별시	목포시	대성동	34.796203	126.385686	50	66	462
1211059500	전남광주통합특별시	목포시	목원동	34.79	126.382222	50	66	463
1211064000	전남광주통합특별시	목포시	동명동	34.787844	126.394067	50	66	464
1211064500	전남광주통합특별시	목포시	삼학동	34.787128	126.403689	50	66	465
1211065500	전남광주통합특별시	목포시	만호동	34.784219	126.389108	50	66	466
1211066000	전남광주통합특별시	목포시	유달동	34.782867	126.382664	50	66	467
1211069500	전남광주통합특별시	목포시	죽교동	34.796686	126.377156	50	66	468
1211070500	전남광주통합특별시	목포시	북항동	34.803964	126.371486	50	67	469
1211074500	전남광주통합특별시	목포시	용해동	34.813464	126.401378	50	67	470
1211075000	전남광주통합특별시	목포시	이로동	34.79605	126.411844	50	66	471
1211075600	전남광주통합특별시	목포시	상동	34.810708	126.416275	50	67	472
1211075700	전남광주통합특별시	목포시	하당동	34.805556	126.4223	51	67	473
1211075800	전남광주통합특별시	목포시	신흥동	34.795708	126.420889	51	66	474
1211078000	전남광주통합특별시	목포시	삼향동	34.827214	126.419967	51	67	475
1211079000	전남광주통합특별시	목포시	옥암동	34.807097	126.431864	51	67	476
1211080000	전남광주통합특별시	목포시	부흥동	34.801147	126.436567	51	66	477
1211081000	전남광주통합특별시	목포시	부주동	34.810425	126.447593	51	67	478
1213000000	전남광주통합특별시	여수시		34.757311	127.664386	73	66	479
1213025000	전남광주통합특별시	여수시	돌산읍	34.614047	127.723831	74	63	480
1213031000	전남광주통합특별시	여수시	소라면	34.789597	127.634664	72	66	481
1213032000	전남광주통합특별시	여수시	율촌면	34.878811	127.580789	71	68	482
1213033000	전남광주통합특별시	여수시	화양면	34.705014	127.615678	72	65	483
1213034000	전남광주통합특별시	여수시	남면	34.506328	127.768708	75	60	484
1213035000	전남광주통합특별시	여수시	화정면	34.617861	127.641511	73	63	485
1213036000	전남광주통합특별시	여수시	삼산면	34.0225	127.314033	67	50	486
1213051500	전남광주통합특별시	여수시	동문동	34.738825	127.745022	74	65	487
1213053500	전남광주통합특별시	여수시	한려동	34.741811	127.749508	74	65	488
1213057000	전남광주통합특별시	여수시	중앙동	34.735856	127.738178	74	65	489
1213060000	전남광주통합특별시	여수시	충무동	34.745725	127.731011	74	66	490
1213062500	전남광주통합특별시	여수시	광림동	34.744444	127.729222	74	66	491
1213063500	전남광주통합특별시	여수시	서강동	34.738022	127.728044	74	65	492
1213065500	전남광주통합특별시	여수시	대교동	34.732439	127.723431	74	65	493
1213067000	전남광주통합특별시	여수시	국동	34.726889	127.721419	74	65	494
1213068500	전남광주통합특별시	여수시	월호동	34.723008	127.713978	74	65	495
1213070000	전남광주통합특별시	여수시	여서동	34.747367	127.710686	74	66	496
1213071000	전남광주통합특별시	여수시	문수동	34.751503	127.704956	74	66	497
1213073000	전남광주통합특별시	여수시	미평동	34.765803	127.706533	74	66	498
1213074000	전남광주통합특별시	여수시	둔덕동	34.766278	127.696756	73	66	499
1213076500	전남광주통합특별시	여수시	만덕동	34.749553	127.746633	74	66	500
1213078000	전남광주통합특별시	여수시	쌍봉동	34.760361	127.667589	73	66	501
1213079000	전남광주통합특별시	여수시	시전동	34.757389	127.675897	73	66	502
1213080000	전남광주통합특별시	여수시	여천동	34.766981	127.663797	73	66	503
1213081000	전남광주통합특별시	여수시	주삼동	34.784475	127.665197	73	66	504
1213082000	전남광주통합특별시	여수시	삼일동	34.824983	127.689297	73	67	505
1213083000	전남광주통합특별시	여수시	묘도동	34.872983	127.711886	74	68	506
1215000000	전남광주통합특별시	순천시		34.947606	127.489331	70	70	507
1215025000	전남광주통합특별시	순천시	승주읍	35.011356	127.391919	68	71	508
1215031000	전남광주통합특별시	순천시	해룡면	34.910678	127.539844	71	69	509
1215032000	전남광주통합특별시	순천시	서면	34.991736	127.490431	70	71	510
1215033000	전남광주통합특별시	순천시	황전면	35.098311	127.429142	69	73	511
1215034000	전남광주통합특별시	순천시	월등면	35.090336	127.382622	68	73	512
1215035000	전남광주통합특별시	순천시	주암면	35.073778	127.237178	65	73	513
1215036000	전남광주통합특별시	순천시	송광면	34.971003	127.265956	66	70	514
1215037000	전남광주통합특별시	순천시	외서면	34.910686	127.279467	66	69	515
1215038000	전남광주통합특별시	순천시	낙안면	34.904967	127.348356	67	69	516
1215039000	전남광주통합특별시	순천시	별량면	34.871189	127.454175	69	68	517
1215040000	전남광주통합특별시	순천시	상사면	34.935978	127.457311	69	70	518
1215051500	전남광주통합특별시	순천시	향동	34.949631	127.481289	70	70	519
1215054000	전남광주통합특별시	순천시	매곡동	34.960839	127.484919	70	70	520
1215055000	전남광주통합특별시	순천시	삼산동	34.967814	127.485911	70	70	521
1215056000	전남광주통합특별시	순천시	조곡동	34.944819	127.499175	70	70	522
1215057000	전남광주통합특별시	순천시	덕연동	34.946164	127.507333	70	70	523
1215058000	전남광주통합특별시	순천시	풍덕동	34.938758	127.499311	70	70	524
1215059000	전남광주통합특별시	순천시	남제동	34.938308	127.490111	70	70	525
1215060000	전남광주통합특별시	순천시	저전동	34.944914	127.486086	70	70	526
1215061000	전남광주통합특별시	순천시	장천동	34.945417	127.488889	70	70	527
1215062000	전남광주통합특별시	순천시	중앙동	34.952953	127.488578	70	70	528
1215063500	전남광주통합특별시	순천시	도사동	34.924506	127.493708	70	69	529
1215066100	전남광주통합특별시	순천시	왕조1동	34.959442	127.522942	70	70	530
1215066500	전남광주통합특별시	순천시	왕조2동	34.952214	127.534556	70	70	531
1217000000	전남광주통합특별시	나주시		35.012839	126.712867	56	71	532
1217025000	전남광주통합특별시	나주시	남평읍	35.043292	126.845308	58	72	533
1217031000	전남광주통합특별시	나주시	세지면	34.916597	126.751622	56	69	534
1217032000	전남광주통합특별시	나주시	왕곡면	34.965083	126.671844	55	70	535
1217033000	전남광주통합특별시	나주시	반남면	34.900714	126.653864	55	69	536
1217034000	전남광주통합특별시	나주시	공산면	34.940244	126.610153	54	70	537
1217035000	전남광주통합특별시	나주시	동강면	34.936394	126.566067	53	69	538
1217036000	전남광주통합특별시	나주시	다시면	35.016272	126.639344	54	71	539
1217037000	전남광주통합특별시	나주시	문평면	35.052114	126.605964	54	72	540
1217038000	전남광주통합특별시	나주시	노안면	35.072878	126.734264	56	72	541
1217039000	전남광주통합특별시	나주시	금천면	35.027778	126.755564	57	71	542
1217040000	전남광주통합특별시	나주시	산포면	35.037006	126.807767	57	72	543
1217042000	전남광주통합특별시	나주시	다도면	34.944181	126.829631	58	70	544
1217043000	전남광주통합특별시	나주시	봉황면	34.9552	126.786322	57	70	545
1217051000	전남광주통합특별시	나주시	송월동	35.01435	126.727156	56	71	546
1217052000	전남광주통합특별시	나주시	영강동	35.000978	126.708953	56	71	547
1217054000	전남광주통합특별시	나주시	금남동	35.028108	126.717867	56	71	548
1217055000	전남광주통합특별시	나주시	성북동	35.031883	126.721444	56	72	549
1217058000	전남광주통합특별시	나주시	영산동	34.996736	126.7161	56	71	550
1217060000	전남광주통합특별시	나주시	이창동	34.994475	126.712644	56	71	551
1217062000	전남광주통합특별시	나주시	빛가람동	35.022453	126.789442	57	71	552
1219000000	전남광주통합특별시	광양시		34.937536	127.698178	73	70	553
1219025000	전남광주통합특별시	광양시	광양읍	34.970208	127.5832	71	70	554
1219031000	전남광주통합특별시	광양시	봉강면	35.008364	127.583342	71	71	555
1219032000	전남광주통합특별시	광양시	옥룡면	35.013808	127.621397	72	71	556
1219033000	전남광주통합특별시	광양시	옥곡면	34.986319	127.701067	73	71	557
1219034000	전남광주통합특별시	광양시	진상면	35.016867	127.721819	74	71	558
1219035000	전남광주통합특별시	광양시	진월면	34.975331	127.760244	74	71	559
1219036000	전남광주통합특별시	광양시	다압면	35.120197	127.693219	73	74	560
1219051500	전남광주통합특별시	광양시	골약동	34.935431	127.680497	73	70	561
1219053000	전남광주통합특별시	광양시	중마동	34.937853	127.699811	73	70	562
1219054000	전남광주통합특별시	광양시	광영동	34.959828	127.724156	74	70	563
1219055000	전남광주통합특별시	광양시	금호동	34.934597	127.725319	74	70	564
1219057000	전남광주통합특별시	광양시	태인동	34.939403	127.751819	74	70	565
1221000000	전남광주통합특별시	동구		35.1431	126.925178	60	74	566
1221052500	전남광주통합특별시	동구	충장동	35.146286	126.919378	59	74	567
1221054500	전남광주통합특별시	동구	동명동	35.148114	126.927244	60	74	568
1221056000	전남광주통합특별시	동구	계림1동	35.155453	126.921642	59	74	569
1221057000	전남광주통합특별시	동구	계림2동	35.155053	126.925442	60	74	570
1221059000	전남광주통합특별시	동구	산수1동	35.154256	126.932778	60	74	571
1221060000	전남광주통합특별시	동구	산수2동	35.151511	126.9382	60	74	572
1221062000	전남광주통합특별시	동구	지산1동	35.145886	126.934833	60	74	573
1221063000	전남광주통합특별시	동구	지산2동	35.144906	126.936575	60	74	574
1221065500	전남광주통합특별시	동구	서남동	35.141858	126.925219	60	74	575
1221068500	전남광주통합특별시	동구	학동	35.131372	126.926264	60	74	576
1221071000	전남광주통합특별시	동구	학운동	35.129389	126.935611	60	74	577
1221073000	전남광주통합특별시	동구	지원1동	35.116056	126.933022	60	73	578
1221074000	전남광주통합특별시	동구	지원2동	35.117439	126.934853	60	73	579
1224000000	전남광주통합특별시	서구		35.149483	126.893411	59	74	580
1224057500	전남광주통합특별시	서구	양동	35.151728	126.902908	59	74	581
1224059000	전남광주통합특별시	서구	양3동	35.154314	126.896222	59	74	582
1224065000	전남광주통합특별시	서구	농성1동	35.153611	126.891778	59	74	583
1224066000	전남광주통합특별시	서구	농성2동	35.147311	126.892311	59	74	584
1224073000	전남광주통합특별시	서구	광천동	35.161339	126.882375	59	74	585
1224074000	전남광주통합특별시	서구	유덕동	35.162244	126.854019	58	74	586
1224074500	전남광주통합특별시	서구	치평동	35.146992	126.845178	58	74	587
1224075100	전남광주통합특별시	서구	상무1동	35.150683	126.869453	59	74	588
1224075200	전남광주통합특별시	서구	상무2동	35.143411	126.868444	58	74	589
1224076000	전남광주통합특별시	서구	화정1동	35.153114	126.8798	59	74	590
1224077000	전남광주통합특별시	서구	화정2동	35.142522	126.884444	59	74	591
1224078000	전남광주통합특별시	서구	화정3동	35.140414	126.878953	59	74	592
1224079000	전남광주통합특별시	서구	화정4동	35.138797	126.875956	59	74	593
1224080000	전남광주통합특별시	서구	서창동	35.111436	126.832286	58	73	594
1224082100	전남광주통합특별시	서구	금호1동	35.132083	126.859189	58	74	595
1224082400	전남광주통합특별시	서구	금호2동	35.129089	126.860911	58	74	596
1224083000	전남광주통합특별시	서구	풍암동	35.121725	126.880686	59	74	597
1224084000	전남광주통합특별시	서구	동천동	35.17129	126.864704	58	75	598
1227000000	전남광주통합특별시	남구		35.119036	126.910144	59	73	599
1227051000	전남광주통합특별시	남구	양림동	35.133842	126.917733	59	74	600
1227052000	전남광주통합특별시	남구	방림1동	35.131281	126.920356	59	74	601
1227053000	전남광주통합특별시	남구	방림2동	35.128864	126.924067	59	74	602
1227053700	전남광주통합특별시	남구	봉선1동	35.127478	126.913064	59	74	603
1227053800	전남광주통합특별시	남구	봉선2동	35.120444	126.915833	59	73	604
1227054500	전남광주통합특별시	남구	사직동	35.142714	126.909956	59	74	605
1227060500	전남광주통합특별시	남구	월산동	35.144475	126.904689	59	74	606
1227063000	전남광주통합특별시	남구	월산4동	35.143617	126.892908	59	74	607
1227064000	전남광주통합특별시	남구	월산5동	35.137092	126.894597	59	74	608
1227067000	전남광주통합특별시	남구	백운1동	35.135175	126.905978	59	74	609
1227068000	전남광주통합특별시	남구	백운2동	35.133022	126.904386	59	74	610
1227069000	전남광주통합특별시	남구	주월1동	35.128911	126.895489	59	74	611
1227070000	전남광주통합특별시	남구	주월2동	35.131597	126.896208	59	74	612
1227070500	전남광주통합특별시	남구	진월동	35.112457	126.898566	59	73	613
1227071000	전남광주통합특별시	남구	효덕동	35.109364	126.900644	59	73	614
1227072000	전남광주통합특별시	남구	송암동	35.108425	126.879289	59	73	615
1227073000	전남광주통합특별시	남구	대촌동	35.078256	126.836067	58	73	616
1230000000	전남광주통합특별시	북구		35.171125	126.914122	59	75	617
1230051000	전남광주통합특별시	북구	중흥1동	35.158572	126.916011	59	74	618
1230053500	전남광주통합특별시	북구	중흥동	35.169379	126.914094	59	75	619
1230055500	전남광주통합특별시	북구	중앙동	35.154375	126.908253	59	74	620
1230057000	전남광주통합특별시	북구	임동	35.162769	126.896331	59	74	621
1230058000	전남광주통합특별시	북구	신안동	35.164375	126.900753	59	74	622
1230059000	전남광주통합특별시	북구	용봉동	35.177306	126.903308	59	75	623
1230060100	전남광주통합특별시	북구	운암1동	35.171789	126.876478	59	75	624
1230060200	전남광주통합특별시	북구	운암2동	35.170972	126.884753	59	75	625
1230060300	전남광주통합특별시	북구	운암3동	35.179675	126.876431	59	75	626
1230061500	전남광주통합특별시	북구	동림동	35.183881	126.8686	58	75	627
1230062000	전남광주통합특별시	북구	우산동	35.167242	126.923022	59	75	628
1230063500	전남광주통합특별시	북구	풍향동	35.161442	126.925131	60	74	629
1230065000	전남광주통합특별시	북구	문화동	35.178439	126.938919	60	75	630
1230065600	전남광주통합특별시	북구	문흥1동	35.183694	126.9237	59	75	631
1230065700	전남광주통합특별시	북구	문흥2동	35.181219	126.924019	59	75	632
1230066100	전남광주통합특별시	북구	두암1동	35.167961	126.930986	60	75	633
1230066200	전남광주통합특별시	북구	두암2동	35.171042	126.934075	60	75	634
1230066300	전남광주통합특별시	북구	두암3동	35.159953	126.936831	60	74	635
1230066600	전남광주통합특별시	북구	삼각동	35.196208	126.9016	59	75	636
1230066900	전남광주통합특별시	북구	일곡동	35.202956	126.899467	59	75	637
1230067300	전남광주통합특별시	북구	매곡동	35.186425	126.894189	59	75	638
1230067600	전남광주통합특별시	북구	오치1동	35.186119	126.91	59	75	639
1230067700	전남광주통합특별시	북구	오치2동	35.187014	126.902622	59	75	640
1230068500	전남광주통합특별시	북구	석곡동	35.211919	126.952042	60	75	641
1230069500	전남광주통합특별시	북구	건국동	35.21985	126.8837	59	76	642
1230069600	전남광주통합특별시	북구	양산동	35.209171	126.879628	59	76	643
1230069700	전남광주통합특별시	북구	신용동	35.206489	126.862916	58	75	644
1233000000	전남광주통합특별시	광산구		35.136428	126.795789	57	74	645
1233051500	전남광주통합특별시	광산구	송정1동	35.137722	126.8008	57	74	646
1233052500	전남광주통합특별시	광산구	송정2동	35.135978	126.796708	57	74	647
1233054000	전남광주통합특별시	광산구	도산동	35.126311	126.7936	57	74	648
1233055000	전남광주통합특별시	광산구	신흥동	35.142103	126.802744	57	74	649
1233056500	전남광주통합특별시	광산구	어룡동	35.139442	126.797197	57	74	650
1233058000	전남광주통합특별시	광산구	우산동	35.154742	126.811533	57	74	651
1233060000	전남광주통합특별시	광산구	월곡1동	35.168811	126.811933	57	75	652
1233061000	전남광주통합특별시	광산구	월곡2동	35.171303	126.809867	57	75	653
1233062000	전남광주통합특별시	광산구	비아동	35.218964	126.826419	58	76	654
1233062400	전남광주통합특별시	광산구	첨단1동	35.216528	126.844244	58	76	655
1233062600	전남광주통합특별시	광산구	첨단2동	35.213247	126.845475	58	76	656
1233063000	전남광주통합특별시	광산구	신가동	35.178511	126.829642	58	75	657
1233063500	전남광주통합특별시	광산구	운남동	35.170347	126.823856	58	75	658
1233063700	전남광주통합특별시	광산구	수완동	35.1971	126.825751	58	75	659
1233064000	전남광주통합특별시	광산구	하남동	35.181875	126.796086	57	75	660
1233065000	전남광주통합특별시	광산구	임곡동	35.216564	126.746811	56	76	661
1233066000	전남광주통합특별시	광산구	동곡동	35.095608	126.774133	57	73	662
1233067000	전남광주통합특별시	광산구	평동	35.121672	126.762333	57	73	663
1233068000	전남광주통합특별시	광산구	삼도동	35.159117	126.699608	55	74	664
1233069000	전남광주통합특별시	광산구	본량동	35.177697	126.730875	56	75	665
1233070000	전남광주통합특별시	광산구	신창동	35.195582	126.840719	58	75	666
1271000000	전남광주통합특별시	담양군		35.318125	126.990164	61	78	667
1271025000	전남광주통합특별시	담양군	담양읍	35.317489	126.983944	61	78	668
1271031000	전남광주통합특별시	담양군	봉산면	35.273156	126.959011	60	77	669
1271032000	전남광주통합특별시	담양군	고서면	35.220478	126.975197	60	76	670
1271033500	전남광주통합특별시	담양군	가사문학면	35.174419	127.029933	61	75	671
1271034000	전남광주통합특별시	담양군	창평면	35.235794	127.021086	61	76	672
1271035000	전남광주통합특별시	담양군	대덕면	35.246386	127.039122	62	76	673
1271036000	전남광주통합특별시	담양군	무정면	35.291836	127.032164	61	77	674
1271037000	전남광주통합특별시	담양군	금성면	35.340322	127.027611	61	78	675
1271038000	전남광주통합특별시	담양군	용면	35.361897	126.989597	61	79	676
1271039000	전남광주통합특별시	담양군	월산면	35.337242	126.956756	60	78	677
1271040000	전남광주통합특별시	담양군	수북면	35.298711	126.9308	60	77	678
1271041000	전남광주통합특별시	담양군	대전면	35.271806	126.890089	59	77	679
1272000000	전남광주통합특별시	곡성군		35.278956	127.294108	66	77	680
1272025000	전남광주통합특별시	곡성군	곡성읍	35.279167	127.298444	66	77	681
1272031000	전남광주통합특별시	곡성군	오곡면	35.269258	127.316111	66	77	682
1272032000	전남광주통합특별시	곡성군	삼기면	35.232939	127.213797	65	76	683
1272033000	전남광주통합특별시	곡성군	석곡면	35.129922	127.256222	65	74	684
1272034000	전남광주통합특별시	곡성군	목사동면	35.117678	127.302033	66	74	685
1272035000	전남광주통합특별시	곡성군	죽곡면	35.148133	127.321389	67	74	686
1272036000	전남광주통합특별시	곡성군	고달면	35.2926	127.343464	67	77	687
1272037000	전남광주통합특별시	곡성군	옥과면	35.273772	127.137697	63	77	688
1272038000	전남광주통합특별시	곡성군	입면	35.294081	127.206242	64	77	689
1272039000	전남광주통합특별시	곡성군	겸면	35.252583	127.174542	64	76	690
1272040000	전남광주통합특별시	곡성군	오산면	35.234889	127.123619	63	76	691
1273000000	전남광주통합특별시	구례군		35.199458	127.464933	69	75	692
1273025000	전남광주통합특별시	구례군	구례읍	35.205683	127.465219	69	76	693
1273031000	전남광주통합특별시	구례군	문척면	35.188725	127.4912	70	75	694
1273032000	전남광주통합특별시	구례군	간전면	35.175139	127.545922	71	75	695
1273033000	전남광주통합특별시	구례군	토지면	35.194767	127.528364	70	75	696
1273034000	전남광주통합특별시	구례군	마산면	35.220117	127.489508	70	76	697
1273035000	전남광주통합특별시	구례군	광의면	35.257158	127.442075	69	77	698
1273036000	전남광주통합특별시	구례군	용방면	35.247592	127.432278	69	76	699
1273037000	전남광주통합특별시	구례군	산동면	35.312753	127.441533	69	78	700
1274000000	전남광주통합특별시	고흥군		34.608069	127.287056	66	62	701
1274025000	전남광주통합특별시	고흥군	고흥읍	34.602969	127.282442	66	62	702
1274025300	전남광주통합특별시	고흥군	도양읍	34.526403	127.140556	64	61	703
1274031000	전남광주통합특별시	고흥군	풍양면	34.572431	127.244075	65	62	704
1274032000	전남광주통합특별시	고흥군	도덕면	34.563611	127.179886	64	61	705
1274033000	전남광주통합특별시	고흥군	금산면	34.455972	127.127197	63	59	706
1274034000	전남광주통합특별시	고흥군	도화면	34.506967	127.319508	67	60	707
1274035000	전남광주통합특별시	고흥군	포두면	34.568378	127.342678	67	62	708
1274036000	전남광주통합특별시	고흥군	봉래면	34.460592	127.461153	69	59	709
1274037000	전남광주통합특별시	고흥군	점암면	34.649714	127.381586	68	63	710
1274038000	전남광주통합특별시	고흥군	과역면	34.678103	127.361975	67	64	711
1274039000	전남광주통합특별시	고흥군	남양면	34.725831	127.3419	67	65	712
1274040000	전남광주통합특별시	고흥군	동강면	34.776286	127.336067	67	66	713
1274041000	전남광주통합특별시	고흥군	대서면	34.7682	127.286256	66	66	714
1274042000	전남광주통합특별시	고흥군	두원면	34.643456	127.275775	66	63	715
1274044000	전남광주통합특별시	고흥군	영남면	34.59885	127.458056	69	62	716
1274045000	전남광주통합특별시	고흥군	동일면	34.498928	127.469364	69	60	717
1275000000	전남광주통합특별시	보성군		34.768333	127.082089	62	66	718
1275025000	전남광주통합특별시	보성군	보성읍	34.765517	127.082222	62	66	719
1275025300	전남광주통합특별시	보성군	벌교읍	34.844214	127.343844	67	68	720
1275031000	전남광주통합특별시	보성군	노동면	34.794172	127.072842	62	66	721
1275032000	전남광주통합특별시	보성군	미력면	34.797839	127.089642	63	66	722
1275033000	전남광주통합특별시	보성군	겸백면	34.826364	127.153931	64	67	723
1275034000	전남광주통합특별시	보성군	율어면	34.867536	127.189108	64	68	724
1275035000	전남광주통합특별시	보성군	복내면	34.889936	127.133333	63	69	725
1275036000	전남광주통합특별시	보성군	문덕면	34.926217	127.174542	64	69	726
1275037000	전남광주통합특별시	보성군	조성면	34.8054	127.249744	65	67	727
1275038000	전남광주통합특별시	보성군	득량면	34.759033	127.170775	64	66	728
1275039000	전남광주통합특별시	보성군	회천면	34.665653	127.087442	63	64	729
1275040000	전남광주통합특별시	보성군	웅치면	34.712797	127.022353	61	65	730
1276000000	전남광주통합특별시	화순군		35.061481	126.988567	61	72	731
1276025000	전남광주통합특별시	화순군	화순읍	35.056919	126.986689	61	72	732
1276031000	전남광주통합특별시	화순군	한천면	34.974831	127.000789	61	70	733
1276032000	전남광주통합특별시	화순군	춘양면	34.947539	126.962108	60	70	734
1276033000	전남광주통합특별시	화순군	청풍면	34.873231	126.972344	60	68	735
1276034000	전남광주통합특별시	화순군	이양면	34.884767	126.990678	61	68	736
1276035000	전남광주통합특별시	화순군	능주면	34.986844	126.959967	60	71	737
1276036000	전남광주통합특별시	화순군	도곡면	34.9931	126.919575	59	71	738
1276037000	전남광주통합특별시	화순군	도암면	34.934714	126.898889	59	69	739
1276038000	전남광주통합특별시	화순군	이서면	35.107381	127.073167	62	73	740
1276039500	전남광주통합특별시	화순군	백아면	35.165069	127.134386	63	75	741
1276040000	전남광주통합특별시	화순군	동복면	35.068086	127.131233	63	72	742
1276041500	전남광주통합특별시	화순군	사평면	35.004197	127.097956	63	71	743
1276042000	전남광주통합특별시	화순군	동면	35.026858	127.040667	62	71	744
1277000000	전남광주통합특별시	장흥군		34.678525	126.909108	59	64	745
1277025000	전남광주통합특별시	장흥군	장흥읍	34.676658	126.904711	59	64	746
1277025300	전남광주통합특별시	장흥군	관산읍	34.558417	126.940978	60	61	747
1277025600	전남광주통합특별시	장흥군	대덕읍	34.494364	126.888967	59	60	748
1277031000	전남광주통합특별시	장흥군	용산면	34.611767	126.916133	59	62	749
1277032000	전남광주통합특별시	장흥군	안양면	34.646906	126.976078	61	63	750
1277033000	전남광주통합특별시	장흥군	장동면	34.746806	126.997375	61	65	751
1277034000	전남광주통합특별시	장흥군	장평면	34.770592	126.976975	61	66	752
1277035000	전남광주통합특별시	장흥군	유치면	34.799194	126.841153	58	66	753
1277036000	전남광주통합특별시	장흥군	부산면	34.720283	126.905464	59	65	754
1277037000	전남광주통합특별시	장흥군	회진면	34.478417	126.941633	60	59	755
1278000000	전남광주통합특별시	강진군		34.638911	126.769197	57	63	756
1278025000	전남광주통합특별시	강진군	강진읍	34.632769	126.775578	57	63	757
1278031000	전남광주통합특별시	강진군	군동면	34.641756	126.817108	58	63	758
1278032000	전남광주통합특별시	강진군	칠량면	34.569606	126.801256	57	61	759
1278033000	전남광주통합특별시	강진군	대구면	34.492261	126.802867	57	60	760
1278034000	전남광주통합특별시	강진군	도암면	34.543208	126.729942	56	61	761
1278035000	전남광주통합특별시	강진군	신전면	34.510378	126.722056	56	60	762
1278036000	전남광주통합특별시	강진군	성전면	34.689583	126.711142	56	64	763
1278037000	전남광주통합특별시	강진군	작천면	34.701117	126.773464	57	64	764
1278038000	전남광주통합특별시	강진군	병영면	34.713781	126.814753	58	65	765
1278039000	전남광주통합특별시	강진군	옴천면	34.741944	126.796453	57	65	766
1278040000	전남광주통합특별시	강진군	마량면	34.447336	126.820997	58	59	767
1279000000	전남광주통합특별시	해남군		34.570436	126.601289	54	61	768
1279025000	전남광주통합특별시	해남군	해남읍	34.56205	126.601264	54	61	769
1279031000	전남광주통합특별시	해남군	삼산면	34.517714	126.612022	54	60	770
1279032000	전남광주통합특별시	해남군	화산면	34.4882	126.517264	52	60	771
1279033000	전남광주통합특별시	해남군	현산면	34.456744	126.555597	53	59	772
1279034000	전남광주통합특별시	해남군	송지면	34.366442	126.521444	52	57	773
1279035000	전남광주통합특별시	해남군	북평면	34.404997	126.627456	54	58	774
1279036000	전남광주통합특별시	해남군	북일면	34.461047	126.678097	55	59	775
1279037000	전남광주통합특별시	해남군	옥천면	34.564353	126.649867	55	61	776
1279038000	전남광주통합특별시	해남군	계곡면	34.641989	126.6616	55	63	777
1279039000	전남광주통합특별시	해남군	마산면	34.618517	126.570131	53	62	778
1279040000	전남광주통합특별시	해남군	황산면	34.573797	126.438431	51	61	779
1279041000	전남광주통합특별시	해남군	산이면	34.641611	126.449908	51	63	780
1279042000	전남광주통합특별시	해남군	문내면	34.588847	126.310611	49	62	781
1279043000	전남광주통합특별시	해남군	화원면	34.667753	126.329731	49	64	782
1280000000	전남광주통합특별시	영암군		34.796989	126.698619	56	66	783
1280025000	전남광주통합특별시	영암군	영암읍	34.796667	126.703397	56	66	784
1280025300	전남광주통합특별시	영암군	삼호읍	34.742908	126.471189	51	65	785
1280031000	전남광주통합특별시	영암군	덕진면	34.815769	126.699075	56	67	786
1280032000	전남광주통합특별시	영암군	금정면	34.859958	126.751044	56	68	787
1280033000	전남광주통합특별시	영암군	신북면	34.887219	126.694597	55	68	788
1280034000	전남광주통합특별시	영암군	시종면	34.865514	126.609122	54	68	789
1280035000	전남광주통합특별시	영암군	도포면	34.842106	126.645753	55	67	790
1280036000	전남광주통합특별시	영암군	군서면	34.776511	126.652597	55	66	791
1280037000	전남광주통합특별시	영암군	서호면	34.751889	126.586953	54	65	792
1280038000	전남광주통합특별시	영암군	학산면	34.7231	126.572156	53	65	793
1280039000	전남광주통합특별시	영암군	미암면	34.696164	126.573808	53	64	794
1281000000	전남광주통합특별시	무안군		34.987369	126.4837	52	71	795
1281025000	전남광주통합특별시	무안군	무안읍	34.987469	126.478333	52	71	796
1281025300	전남광주통합특별시	무안군	일로읍	34.848308	126.492367	52	67	797
1281025600	전남광주통합특별시	무안군	삼향읍	34.820036	126.443586	51	67	798
1281032000	전남광주통합특별시	무안군	몽탄면	34.927661	126.504108	52	69	799
1281033000	전남광주통합특별시	무안군	청계면	34.907939	126.430842	51	69	800
1281034000	전남광주통합특별시	무안군	현경면	35.018331	126.413953	50	71	801
1281035000	전남광주통합특별시	무안군	망운면	35.009811	126.396608	50	71	802
1281036000	전남광주통합특별시	무안군	해제면	35.107392	126.296542	48	73	803
1281037000	전남광주통합특별시	무안군	운남면	34.959142	126.345286	49	70	804
1282000000	전남광주통합특별시	함평군		35.062744	126.518619	52	72	805
1282025000	전남광주통합특별시	함평군	함평읍	35.062314	126.522222	52	72	806
1282031000	전남광주통합특별시	함평군	손불면	35.140175	126.433797	51	74	807
1282032000	전남광주통합특별시	함평군	신광면	35.152553	126.499753	52	74	808
1282033000	전남광주통합특별시	함평군	학교면	35.013842	126.539589	53	71	809
1282034000	전남광주통합특별시	함평군	엄다면	35.007189	126.517908	52	71	810
1282035000	전남광주통합특별시	함평군	대동면	35.065656	126.533422	53	72	811
1282036000	전남광주통합특별시	함평군	나산면	35.1108	126.610986	54	73	812
1282037000	전남광주통합특별시	함평군	해보면	35.177414	126.603219	54	75	813
1282038000	전남광주통합특별시	함평군	월야면	35.176936	126.634311	54	75	814
1283000000	전남광주통합특별시	영광군		35.274167	126.514086	52	77	815
1283025000	전남광주통합특별시	영광군	영광읍	35.2749	126.513931	52	77	816
1283025300	전남광주통합특별시	영광군	백수읍	35.280169	126.422786	51	77	817
1283025600	전남광주통합특별시	영광군	홍농읍	35.392647	126.447419	51	79	818
1283031000	전남광주통합특별시	영광군	대마면	35.298325	126.579533	53	77	819
1283032000	전남광주통합특별시	영광군	묘량면	35.254033	126.545211	53	76	820
1283033000	전남광주통합특별시	영광군	불갑면	35.205922	126.509642	52	75	821
1283034000	전남광주통합특별시	영광군	군서면	35.254758	126.477211	52	76	822
1283035000	전남광주통합특별시	영광군	군남면	35.236656	126.454711	51	76	823
1283036000	전남광주통합특별시	영광군	염산면	35.214783	126.373967	50	75	824
1283037000	전남광주통합특별시	영광군	법성면	35.358994	126.448022	51	79	825
1283038000	전남광주통합특별시	영광군	낙월면	35.199136	126.139622	45	75	826
1284000000	전남광주통합특별시	장성군		35.298811	126.786975	57	77	827
1284025000	전남광주통합특별시	장성군	장성읍	35.300006	126.787286	57	77	828
1284031000	전남광주통합특별시	장성군	진원면	35.270106	126.835464	58	77	829
1284032000	전남광주통합특별시	장성군	남면	35.241256	126.814289	58	76	830
1284033000	전남광주통합특별시	장성군	동화면	35.281233	126.740922	56	77	831
1284034000	전남광주통합특별시	장성군	삼서면	35.229111	126.648478	55	76	832
1284035000	전남광주통합특별시	장성군	삼계면	35.256489	126.666575	55	76	833
1284036000	전남광주통합특별시	장성군	황룡면	35.2858	126.775056	57	77	834
1284037000	전남광주통합특별시	장성군	서삼면	35.331042	126.769222	57	78	835
1284038000	전남광주통합특별시	장성군	북일면	35.371736	126.8094	57	79	836
1284039000	전남광주통합특별시	장성군	북이면	35.425669	126.810753	57	80	837
1284040000	전남광주통합특별시	장성군	북하면	35.404272	126.881764	59	80	838
1285000000	전남광주통합특별시	완도군		34.307853	126.757097	57	56	839
1285025000	전남광주통합특별시	완도군	완도읍	34.313586	126.747578	57	56	840
1285025300	전남광주통합특별시	완도군	금일읍	34.345692	127.031553	62	57	841
1285025600	전남광주통합특별시	완도군	노화읍	34.174689	126.577867	53	53	842
1285031000	전남광주통합특별시	완도군	군외면	34.386256	126.649475	55	57	843
1285032000	전남광주통합특별시	완도군	신지면	34.331603	126.829264	58	56	844
1285033000	전남광주통합특별시	완도군	고금면	34.391781	126.806397	58	58	845
1285034000	전남광주통합특별시	완도군	약산면	34.390494	126.900244	59	58	846
1285035000	전남광주통합특별시	완도군	청산면	34.176719	126.860997	59	53	847
1285036000	전남광주통합특별시	완도군	소안면	34.17165	126.653022	55	53	848
1285037000	전남광주통합특별시	완도군	금당면	34.42675	127.073267	62	58	849
1285038000	전남광주통합특별시	완도군	보길면	34.165917	126.569608	53	53	850
1285039000	전남광주통합특별시	완도군	생일면	34.32995	126.999697	61	56	851
1286000000	전남광주통합특별시	진도군		34.48375	126.265544	48	59	852
1286025000	전남광주통합특별시	진도군	진도읍	34.477756	126.264967	48	59	853
1286031000	전남광주통합특별시	진도군	군내면	34.509381	126.293978	48	60	854
1286032000	전남광주통합특별시	진도군	고군면	34.487339	126.345022	49	60	855
1286033000	전남광주통합특별시	진도군	의신면	34.436169	126.285464	48	58	856
1286034000	전남광주통합특별시	진도군	임회면	34.402892	126.192164	46	58	857
1286035000	전남광주통합특별시	진도군	지산면	34.422492	126.169311	46	58	858
1286036000	전남광주통합특별시	진도군	조도면	34.29385	126.049075	44	55	859
1287000000	전남광주통합특별시	신안군		34.789811	126.381731	50	66	860
1287025000	전남광주통합특별시	신안군	지도읍	35.058217	126.209589	47	72	861
1287025300	전남광주통합특별시	신안군	압해읍	34.862361	126.314411	49	68	862
1287031000	전남광주통합특별시	신안군	증도면	34.999728	126.141622	46	71	863
1287032000	전남광주통합특별시	신안군	임자면	35.081142	126.113186	45	73	864
1287033000	전남광주통합특별시	신안군	자은면	34.881356	126.049411	44	68	865
1287034000	전남광주통합특별시	신안군	비금면	34.7522	125.928633	42	65	866
1287035000	전남광주통합특별시	신안군	도초면	34.700492	125.955408	42	64	867
1287036000	전남광주통합특별시	신안군	흑산면	34.679775	125.431264	33	64	868
1287037000	전남광주통합특별시	신안군	하의면	34.603711	126.038553	44	62	869
1287038000	전남광주통합특별시	신안군	신의면	34.581997	126.090286	45	62	870
1287039000	전남광주통합특별시	신안군	장산면	34.639667	126.150931	46	63	871
1287040000	전남광주통합특별시	신안군	안좌면	34.752947	126.126667	45	65	872
1287041000	전남광주통합특별시	신안군	팔금면	34.781928	126.144522	46	66	873
1287042000	전남광주통합특별시	신안군	암태면	34.824111	126.114042	45	67	874
2600000000	부산광역시			35.177019	129.076953	98	76	875
2611000000	부산광역시	중구		35.103217	129.034508	97	74	876
2611051000	부산광역시	중구	중앙동	35.098186	129.037589	97	74	877
2611052000	부산광역시	중구	동광동	35.101933	129.036878	97	74	878
2611053000	부산광역시	중구	대청동	35.101147	129.033333	97	74	879
2611054500	부산광역시	중구	보수동	35.100703	129.027622	97	74	880
2611056000	부산광역시	중구	부평동	35.097297	129.028797	97	74	881
2611057000	부산광역시	중구	광복동	35.096858	129.032753	97	74	882
2611058000	부산광역시	중구	남포동	35.094306	129.034086	97	74	883
2611059000	부산광역시	중구	영주제1동	35.108047	129.037286	97	74	884
2611060000	부산광역시	중구	영주제2동	35.108508	129.034033	97	74	885
2614000000	부산광역시	서구		35.094836	129.026378	97	74	886
2614051000	부산광역시	서구	동대신제1동	35.106536	129.022508	97	74	887
2614052000	부산광역시	서구	동대신제2동	35.109853	129.025431	97	74	888
2614053000	부산광역시	서구	동대신제3동	35.111339	129.019508	97	74	889
2614054000	부산광역시	서구	서대신제1동	35.108014	129.016675	97	74	890
2614056000	부산광역시	서구	서대신제3동	35.110367	129.014189	97	74	891
2614057000	부산광역시	서구	서대신제4동	35.116072	129.014833	97	74	892
2614059000	부산광역시	서구	부민동	35.100686	129.020753	97	74	893
2614061500	부산광역시	서구	아미동	35.097089	129.017686	97	74	894
2614063000	부산광역시	서구	초장동	35.092878	129.022564	97	74	895
2614064000	부산광역시	서구	충무동	35.094936	129.023897	97	74	896
2614065000	부산광역시	서구	남부민제1동	35.089658	129.025564	97	74	897
2614066000	부산광역시	서구	남부민제2동	35.08155	129.021864	97	74	898
2614068000	부산광역시	서구	암남동	35.076906	129.0236	97	73	899
2617000000	부산광역시	동구		35.135894	129.059175	98	75	900
2617051000	부산광역시	동구	초량제1동	35.110878	129.039189	97	74	901
2617052000	부산광역시	동구	초량제2동	35.113447	129.0408	97	74	902
2617053000	부산광역시	동구	초량제3동	35.118186	129.042067	97	74	903
2617055000	부산광역시	동구	초량제6동	35.122908	129.036744	97	74	904
2617056000	부산광역시	동구	수정제1동	35.122275	129.044533	97	74	905
2617057000	부산광역시	동구	수정제2동	35.125253	129.047264	97	75	906
2617059000	부산광역시	동구	수정제4동	35.123997	129.042964	97	75	907
2617060000	부산광역시	동구	수정제5동	35.130733	129.044689	97	75	908
2617064500	부산광역시	동구	좌천동	35.131986	129.052792	98	75	909
2617065000	부산광역시	동구	범일제1동	35.136272	129.058308	98	75	910
2617066000	부산광역시	동구	범일제2동	35.131872	129.061986	98	75	911
2617068000	부산광역시	동구	범일제5동	35.127306	129.056019	98	75	912
2620000000	부산광역시	영도구		35.088117	129.070186	98	74	913
2620053000	부산광역시	영도구	남항동	35.086789	129.039853	97	74	914
2620054000	부산광역시	영도구	영선제1동	35.087161	129.047033	97	74	915
2620055000	부산광역시	영도구	영선제2동	35.08385	129.043642	97	74	916
2620058500	부산광역시	영도구	신선동	35.080244	129.047456	97	74	917
2620059000	부산광역시	영도구	봉래제1동	35.090392	129.046622	97	74	918
2620060500	부산광역시	영도구	봉래제2동	35.091108	129.048397	97	74	919
2620063000	부산광역시	영도구	청학제1동	35.093833	129.060686	98	74	920
2620064000	부산광역시	영도구	청학제2동	35.088825	129.068031	98	74	921
2620065000	부산광역시	영도구	동삼제1동	35.071794	129.070708	98	73	922
2620066000	부산광역시	영도구	동삼제2동	35.064742	129.082922	98	73	923
2620067000	부산광역시	영도구	동삼제3동	35.081581	129.070922	98	74	924
2623000000	부산광역시	부산진구		35.159953	129.055319	97	75	925
2623051000	부산광역시	부산진구	부전제1동	35.157258	129.060922	98	75	926
2623052000	부산광역시	부산진구	부전제2동	35.149522	129.059075	98	75	927
2623054000	부산광역시	부산진구	연지동	35.169714	129.055008	97	76	928
2623055000	부산광역시	부산진구	초읍동	35.175625	129.049833	97	76	929
2623056000	부산광역시	부산진구	양정제1동	35.171397	129.066656	98	76	930
2623057000	부산광역시	부산진구	양정제2동	35.169781	129.077989	98	76	931
2623060000	부산광역시	부산진구	전포제1동	35.151269	129.069622	98	75	932
2623061000	부산광역시	부산진구	전포제2동	35.158631	129.068444	98	75	933
2623064000	부산광역시	부산진구	부암제1동	35.160461	129.051778	97	75	934
2623066000	부산광역시	부산진구	부암제3동	35.165922	129.042056	97	75	935
2623067000	부산광역시	부산진구	당감제1동	35.1597	129.042367	97	75	936
2623068000	부산광역시	부산진구	당감제2동	35.154889	129.050278	97	75	937
2623070000	부산광역시	부산진구	당감제4동	35.164914	129.038797	97	75	938
2623071000	부산광역시	부산진구	가야제1동	35.151911	129.044053	97	75	939
2623072000	부산광역시	부산진구	가야제2동	35.146681	129.031289	97	75	940
2623074000	부산광역시	부산진구	개금제1동	35.149567	129.024175	97	75	941
2623075000	부산광역시	부산진구	개금제2동	35.141706	129.021689	97	75	942
2623076000	부산광역시	부산진구	개금제3동	35.152686	129.024222	97	75	943
2623077000	부산광역시	부산진구	범천제1동	35.14385	129.0633	98	75	944
2623078000	부산광역시	부산진구	범천제2동	35.143278	129.058397	98	75	945
2626000000	부산광역시	동래구		35.201872	129.085856	98	76	946
2626051000	부산광역시	동래구	수민동	35.192975	129.093389	98	76	947
2626052000	부산광역시	동래구	복산동	35.202708	129.088375	98	76	948
2626054500	부산광역시	동래구	명륜동	35.212491	129.081561	98	77	949
2626055000	부산광역시	동래구	온천제1동	35.216967	129.082386	98	77	950
2626056000	부산광역시	동래구	온천제2동	35.204883	129.075253	98	76	951
2626057000	부산광역시	동래구	온천제3동	35.201867	129.068553	98	76	952
2626058000	부산광역시	동래구	사직제1동	35.195933	129.064344	98	76	953
2626059000	부산광역시	동래구	사직제2동	35.197175	129.059167	98	76	954
2626060000	부산광역시	동래구	사직제3동	35.196389	129.071722	98	76	955
2626074000	부산광역시	동래구	안락제1동	35.194047	129.100911	98	76	956
2626075000	부산광역시	동래구	안락제2동	35.194644	129.112311	98	76	957
2626076100	부산광역시	동래구	명장제1동	35.201581	129.1065	98	76	958
2626076200	부산광역시	동래구	명장제2동	35.204867	129.104656	98	76	959
2629000000	부산광역시	남구		35.133408	129.0865	98	75	960
2629051000	부산광역시	남구	대연제1동	35.131464	129.095719	98	75	961
2629053000	부산광역시	남구	대연제3동	35.131636	129.102578	98	75	962
2629054000	부산광역시	남구	대연제4동	35.126711	129.093619	98	75	963
2629055000	부산광역시	남구	대연제5동	35.135369	129.092489	98	75	964
2629056000	부산광역시	남구	대연제6동	35.131867	129.085842	98	75	965
2629057000	부산광역시	남구	용호제1동	35.117714	129.111297	99	74	966
2629058000	부산광역시	남구	용호제2동	35.11175	129.115686	99	74	967
2629059000	부산광역시	남구	용호제3동	35.117922	129.115064	99	74	968
2629060000	부산광역시	남구	용호제4동	35.110144	129.112664	99	74	969
2629061000	부산광역시	남구	용당동	35.114411	129.097456	98	74	970
2629062000	부산광역시	남구	감만제1동	35.113789	129.082889	98	74	971
2629063000	부산광역시	남구	감만제2동	35.119458	129.086778	98	74	972
2629064500	부산광역시	남구	우암동	35.125	129.075851	98	75	973
2629068000	부산광역시	남구	문현제1동	35.139394	129.073578	98	75	974
2629069000	부산광역시	남구	문현제2동	35.142222	129.070997	98	75	975
2629070000	부산광역시	남구	문현제3동	35.135122	129.073919	98	75	976
2629071000	부산광역시	남구	문현제4동	35.133031	129.0712	98	75	977
2632000000	부산광역시	북구		35.194181	128.992475	96	76	978
2632051000	부산광역시	북구	구포제1동	35.203369	129.003411	97	76	979
2632052000	부산광역시	북구	구포제2동	35.199636	129.000244	96	76	980
2632052100	부산광역시	북구	구포제3동	35.191758	129.011044	97	76	981
2632053000	부산광역시	북구	금곡동	35.247006	129.015089	97	77	982
2632054100	부산광역시	북구	화명제1동	35.221694	129.012467	97	77	983
2632054200	부산광역시	북구	화명제2동	35.240525	129.022022	97	77	984
2632054300	부산광역시	북구	화명제3동	35.228772	129.012333	97	77	985
2632055000	부산광역시	북구	덕천제1동	35.209389	129.019019	97	76	986
2632056000	부산광역시	북구	덕천제2동	35.209267	129.010244	97	76	987
2632056100	부산광역시	북구	덕천제3동	35.206819	129.019697	97	76	988
2632057100	부산광역시	북구	만덕제1동	35.210367	129.038519	97	76	989
2632057200	부산광역시	북구	만덕제2동	35.207119	129.039467	97	76	990
2632057300	부산광역시	북구	만덕제3동	35.208308	129.031397	97	76	991
2635000000	부산광역시	해운대구		35.160019	129.165808	99	75	992
2635051000	부산광역시	해운대구	우제1동	35.159811	129.160286	99	75	993
2635052000	부산광역시	해운대구	우제2동	35.168156	129.142211	99	76	994
2635052500	부산광역시	해운대구	우제3동	35.159292	129.142402	99	75	995
2635053000	부산광역시	해운대구	중제1동	35.159458	129.166478	99	75	996
2635054000	부산광역시	해운대구	중제2동	35.158797	129.182108	100	75	997
2635055100	부산광역시	해운대구	좌제1동	35.167822	129.176553	100	76	998
2635055200	부산광역시	해운대구	좌제2동	35.166061	129.184919	100	76	999
2635055300	부산광역시	해운대구	좌제3동	35.169264	129.168986	100	76	1000
2635055400	부산광역시	해운대구	좌제4동	35.174867	129.178478	100	76	1001
2635056000	부산광역시	해운대구	송정동	35.180561	129.205897	100	76	1002
2635057000	부산광역시	해운대구	반여제1동	35.198056	129.121189	99	76	1003
2635058000	부산광역시	해운대구	반여제2동	35.192831	129.132353	99	76	1004
2635059000	부산광역시	해운대구	반여제3동	35.198006	129.1357	99	76	1005
2635059500	부산광역시	해운대구	반여제4동	35.206103	129.119344	99	76	1006
2635061000	부산광역시	해운대구	반송제1동	35.222053	129.150008	99	77	1007
2635062000	부산광역시	해운대구	반송제2동	35.225764	129.162697	99	77	1008
2635065000	부산광역시	해운대구	재송제1동	35.180864	129.125644	99	76	1009
2635066000	부산광역시	해운대구	재송제2동	35.18655	129.127719	99	76	1010
2638000000	부산광역시	사하구		35.101428	128.977042	96	74	1011
2638051000	부산광역시	사하구	괴정제1동	35.096503	128.991622	96	74	1012
2638052000	부산광역시	사하구	괴정제2동	35.100431	129.006275	97	74	1013
2638053000	부산광역시	사하구	괴정제3동	35.097211	129.000422	97	74	1014
2638054000	부산광역시	사하구	괴정제4동	35.096017	128.9854	96	74	1015
2638055000	부산광역시	사하구	당리동	35.099844	128.978931	96	74	1016
2638056100	부산광역시	사하구	하단제1동	35.100833	128.966533	96	74	1017
2638056200	부산광역시	사하구	하단제2동	35.111433	128.962686	96	74	1018
2638057100	부산광역시	사하구	신평제1동	35.086914	128.976575	96	74	1019
2638057200	부산광역시	사하구	신평제2동	35.091533	128.961633	96	74	1020
2638058000	부산광역시	사하구	장림제1동	35.079819	128.969142	96	73	1021
2638059000	부산광역시	사하구	장림제2동	35.074728	128.974844	96	73	1022
2638060100	부산광역시	사하구	다대제1동	35.056103	128.973578	96	73	1023
2638060200	부산광역시	사하구	다대제2동	35.060322	128.984433	96	73	1024
2638061000	부산광역시	사하구	구평동	35.078819	128.990042	96	73	1025
2638062000	부산광역시	사하구	감천제1동	35.084906	129.006911	97	74	1026
2638063000	부산광역시	사하구	감천제2동	35.091525	129.0116	97	74	1027
2641000000	부산광역시	금정구		35.240078	129.094319	98	77	1028
2641051000	부산광역시	금정구	서제1동	35.215261	129.101397	98	77	1029
2641052000	부산광역시	금정구	서제2동	35.209781	129.106933	98	76	1030
2641053000	부산광역시	금정구	서제3동	35.212375	129.109731	98	76	1031
2641055500	부산광역시	금정구	금사회동동	35.217236	129.113375	98	77	1032
2641057000	부산광역시	금정구	부곡제1동	35.22135	129.0944	98	77	1033
2641058000	부산광역시	금정구	부곡제2동	35.226728	129.095	98	77	1034
2641059000	부산광역시	금정구	부곡제3동	35.237406	129.096133	98	77	1035
2641059100	부산광역시	금정구	부곡제4동	35.216814	129.090875	98	77	1036
2641060000	부산광역시	금정구	장전제1동	35.234667	129.087211	98	77	1037
2641061000	부산광역시	금정구	장전제2동	35.222531	129.084378	98	77	1038
2641063500	부산광역시	금정구	선두구동	35.295208	129.115597	98	78	1039
2641066500	부산광역시	금정구	청룡노포동	35.27205	129.092056	98	78	1040
2641067000	부산광역시	금정구	남산동	35.268556	129.094622	98	78	1041
2641068000	부산광역시	금정구	구서제1동	35.241992	129.089231	98	77	1042
2641069000	부산광역시	금정구	구서제2동	35.252083	129.092889	98	77	1043
2641070000	부산광역시	금정구	금성동	35.247253	129.058342	97	77	1044
2644000000	부산광역시	강서구		35.209164	128.982908	96	76	1045
2644051000	부산광역시	강서구	대저1동	35.211394	128.982856	96	76	1046
2644052000	부산광역시	강서구	대저2동	35.175394	128.9587	96	76	1047
2644053000	부산광역시	강서구	강동동	35.211464	128.937508	95	76	1048
2644053500	부산광역시	강서구	명지1동	35.108091	128.926502	95	74	1049
2644054500	부산광역시	강서구	명지2동	35.084587	128.899758	95	74	1050
2644055000	부산광역시	강서구	가락동	35.193317	128.904075	95	76	1051
2644056000	부산광역시	강서구	녹산동	35.123464	128.860808	94	74	1052
2644058000	부산광역시	강서구	가덕도동	35.052617	128.814033	93	73	1053
2644059000	부산광역시	강서구	신호동	35.085444	128.879107	94	74	1054
2647000000	부산광역시	연제구		35.173186	129.082075	98	76	1055
2647061000	부산광역시	연제구	거제제1동	35.191719	129.083022	98	76	1056
2647062000	부산광역시	연제구	거제제2동	35.184572	129.072542	98	76	1057
2647063000	부산광역시	연제구	거제제3동	35.181033	129.075308	98	76	1058
2647064000	부산광역시	연제구	거제제4동	35.176131	129.070022	98	76	1059
2647065000	부산광역시	연제구	연산제1동	35.185878	129.093844	98	76	1060
2647066000	부산광역시	연제구	연산제2동	35.176833	129.081575	98	76	1061
2647067000	부산광역시	연제구	연산제3동	35.170269	129.096511	98	76	1062
2647068000	부산광역시	연제구	연산제4동	35.183217	129.087156	98	76	1063
2647069000	부산광역시	연제구	연산제5동	35.181419	129.078356	98	76	1064
2647070000	부산광역시	연제구	연산제6동	35.175772	129.087942	98	76	1065
2647072000	부산광역시	연제구	연산제8동	35.184033	129.103333	98	76	1066
2647073000	부산광역시	연제구	연산제9동	35.185547	129.107197	98	76	1067
2650000000	부산광역시	수영구		35.142467	129.115375	99	75	1068
2650066000	부산광역시	수영구	남천제1동	35.139575	129.112597	99	75	1069
2650067000	부산광역시	수영구	남천제2동	35.140753	129.116986	99	75	1070
2650073000	부산광역시	수영구	수영동	35.167358	129.118289	99	76	1071
2650074000	부산광역시	수영구	망미제1동	35.171356	129.103242	98	76	1072
2650075000	부산광역시	수영구	망미제2동	35.172153	129.117542	99	76	1073
2650076000	부산광역시	수영구	광안제1동	35.159867	129.114731	99	75	1074
2650077000	부산광역시	수영구	광안제2동	35.150678	129.114867	99	75	1075
2650078000	부산광역시	수영구	광안제3동	35.164822	129.115856	99	75	1076
2650079000	부산광역시	수영구	광안제4동	35.151967	129.113667	99	75	1077
2650080000	부산광역시	수영구	민락동	35.154167	129.127678	99	75	1078
2653000000	부산광역시	사상구		35.149467	128.993333	96	75	1079
2653058000	부산광역시	사상구	삼락동	35.173894	128.979967	96	76	1080
2653059100	부산광역시	사상구	모라제1동	35.184536	128.989689	96	76	1081
2653059300	부산광역시	사상구	모라제3동	35.181558	128.998333	96	76	1082
2653060000	부산광역시	사상구	덕포제1동	35.167283	128.985531	96	75	1083
2653061000	부산광역시	사상구	덕포제2동	35.171381	128.985178	96	76	1084
2653062000	부산광역시	사상구	괘법동	35.160672	128.989444	96	75	1085
2653064500	부산광역시	사상구	감전동	35.151233	128.981708	96	75	1086
2653065000	부산광역시	사상구	주례제1동	35.148619	129.000144	97	75	1087
2653066000	부산광역시	사상구	주례제2동	35.146989	129.012733	97	75	1088
2653066100	부산광역시	사상구	주례제3동	35.144289	129.003722	97	75	1089
2653067000	부산광역시	사상구	학장동	35.140992	128.989678	96	75	1090
2653068000	부산광역시	사상구	엄궁동	35.1256	128.974444	96	75	1091
2671000000	부산광역시	기장군		35.24135	129.224475	100	77	1092
2671025000	부산광역시	기장군	기장읍	35.235603	129.218178	100	77	1093
2671025300	부산광역시	기장군	장안읍	35.310703	129.246289	101	79	1094
2671025600	부산광역시	기장군	정관읍	35.322375	129.182678	100	79	1095
2671025900	부산광역시	기장군	일광읍	35.263937	129.232283	101	78	1096
2671033000	부산광역시	기장군	철마면	35.272197	129.152022	99	78	1097
2700000000	대구광역시			35.868542	128.603553	89	90	1098
2711000000	대구광역시	중구		35.866286	128.608397	89	90	1099
2711051700	대구광역시	중구	동인동	35.867905	128.609131	89	91	1100
2711054500	대구광역시	중구	삼덕동	35.862575	128.611167	89	90	1101
2711056500	대구광역시	중구	성내1동	35.86625	128.600356	89	90	1102
2711057500	대구광역시	중구	성내2동	35.865347	128.592622	89	90	1103
2711058500	대구광역시	중구	성내3동	35.869611	128.587942	89	90	1104
2711059500	대구광역시	중구	대신동	35.863203	128.579444	89	90	1105
2711064000	대구광역시	중구	남산1동	35.856394	128.592644	89	90	1106
2711065000	대구광역시	중구	남산2동	35.861061	128.591756	89	90	1107
2711066000	대구광역시	중구	남산3동	35.856533	128.587197	89	90	1108
2711067000	대구광역시	중구	남산4동	35.855239	128.582719	89	90	1109
2711068000	대구광역시	중구	대봉1동	35.858672	128.606575	89	90	1110
2711069000	대구광역시	중구	대봉2동	35.855206	128.601953	89	90	1111
2714000000	대구광역시	동구		35.883617	128.637711	90	91	1112
2714051000	대구광역시	동구	신암1동	35.881278	128.618553	89	91	1113
2714052000	대구광역시	동구	신암2동	35.876428	128.616533	89	91	1114
2714053000	대구광역시	동구	신암3동	35.876628	128.625375	89	91	1115
2714054000	대구광역시	동구	신암4동	35.882097	128.631511	89	91	1116
2714054100	대구광역시	동구	신암5동	35.886725	128.635244	89	91	1117
2714055500	대구광역시	동구	신천1.2동	35.867119	128.616797	89	90	1118
2714057000	대구광역시	동구	신천3동	35.872267	128.625897	89	91	1119
2714058000	대구광역시	동구	신천4동	35.868786	128.631486	89	90	1120
2714059000	대구광역시	동구	효목1동	35.878156	128.647467	90	91	1121
2714060000	대구광역시	동구	효목2동	35.874636	128.640422	90	91	1122
2714061500	대구광역시	동구	도평동	35.907931	128.655986	90	91	1123
2714062000	대구광역시	동구	불로.봉무동	35.907283	128.641622	90	91	1124
2714064000	대구광역시	동구	지저동	35.890731	128.640456	90	91	1125
2714065500	대구광역시	동구	동촌동	35.883889	128.6519	90	91	1126
2714067000	대구광역시	동구	방촌동	35.877083	128.667475	90	91	1127
2714068500	대구광역시	동구	해안동	35.892192	128.684331	90	91	1128
2714072000	대구광역시	동구	안심1동	35.867383	128.704331	91	90	1129
2714073000	대구광역시	동구	안심2동	35.872436	128.689264	90	91	1130
2714074200	대구광역시	동구	안심3동	35.867868	128.72243	91	91	1131
2714074700	대구광역시	동구	안심4동	35.870105	128.711046	91	91	1132
2714075500	대구광역시	동구	혁신동	35.879699	128.710977	91	91	1133
2714076000	대구광역시	동구	공산동	35.937222	128.646467	90	92	1134
2717000000	대구광역시	서구		35.868794	128.561411	88	90	1135
2717051000	대구광역시	서구	내당1동	35.857675	128.562964	88	90	1136
2717052500	대구광역시	서구	내당2.3동	35.864283	128.576689	88	90	1137
2717054000	대구광역시	서구	내당4동	35.857767	128.553808	88	90	1138
2717055000	대구광역시	서구	비산1동	35.878192	128.571242	88	91	1139
2717056500	대구광역시	서구	비산2.3동	35.872722	128.576975	88	91	1140
2717058000	대구광역시	서구	비산4동	35.866783	128.576297	88	90	1141
2717059000	대구광역시	서구	비산5동	35.883378	128.571844	88	91	1142
2717060000	대구광역시	서구	비산6동	35.873333	128.571331	88	91	1143
2717061000	대구광역시	서구	비산7동	35.885036	128.555742	88	91	1144
2717062000	대구광역시	서구	평리1동	35.872606	128.565489	88	91	1145
2717063000	대구광역시	서구	평리2동	35.868264	128.565964	88	90	1146
2717064000	대구광역시	서구	평리3동	35.872883	128.563519	88	91	1147
2717065000	대구광역시	서구	평리4동	35.864344	128.558889	88	90	1148
2717066000	대구광역시	서구	평리5동	35.8708	128.550956	88	90	1149
2717066100	대구광역시	서구	평리6동	35.872242	128.550333	88	91	1150
2717067500	대구광역시	서구	상중이동	35.864983	128.546478	88	90	1151
2717069500	대구광역시	서구	원대동	35.883786	128.576622	88	91	1152
2720000000	대구광역시	남구		35.842978	128.5998	89	90	1153
2720051500	대구광역시	남구	이천동	35.850714	128.601667	89	90	1154
2720053000	대구광역시	남구	봉덕1동	35.842569	128.600111	89	90	1155
2720054000	대구광역시	남구	봉덕2동	35.840856	128.603289	89	90	1156
2720055000	대구광역시	남구	봉덕3동	35.838694	128.600464	89	90	1157
2720056000	대구광역시	남구	대명1동	35.837281	128.579122	89	90	1158
2720057100	대구광역시	남구	대명2동	35.852306	128.588878	89	90	1159
2720058600	대구광역시	남구	대명3동	35.849364	128.581322	89	90	1160
2720059000	대구광역시	남구	대명4동	35.844953	128.574556	88	90	1161
2720060000	대구광역시	남구	대명5동	35.840261	128.589989	89	90	1162
2720061000	대구광역시	남구	대명6동	35.832092	128.568044	88	90	1163
2720064000	대구광역시	남구	대명9동	35.834272	128.581397	89	90	1164
2720065000	대구광역시	남구	대명10동	35.83705	128.571189	88	90	1165
2720066000	대구광역시	남구	대명11동	35.833164	128.562653	88	90	1166
2723000000	대구광역시	북구		35.8827	128.585022	89	91	1167
2723051000	대구광역시	북구	고성동	35.87895	128.585822	89	91	1168
2723052600	대구광역시	북구	칠성동	35.876211	128.602108	89	91	1169
2723055000	대구광역시	북구	침산1동	35.887375	128.583389	89	91	1170
2723056000	대구광역시	북구	침산2동	35.884272	128.599175	89	91	1171
2723057000	대구광역시	북구	침산3동	35.889144	128.591553	89	91	1172
2723061000	대구광역시	북구	산격1동	35.889653	128.596911	89	91	1173
2723062000	대구광역시	북구	산격2동	35.898711	128.611486	89	91	1174
2723063000	대구광역시	북구	산격3동	35.890531	128.610497	89	91	1175
2723063100	대구광역시	북구	산격4동	35.889306	128.606419	89	91	1176
2723064500	대구광역시	북구	대현동	35.882184	128.60583	89	91	1177
2723067100	대구광역시	북구	복현1동	35.890739	128.620753	89	91	1178
2723067200	대구광역시	북구	복현2동	35.892436	128.627664	89	91	1179
2723068000	대구광역시	북구	검단동	35.910456	128.6294	89	91	1180
2723069500	대구광역시	북구	무태조야동	35.918294	128.5994	89	92	1181
2723071500	대구광역시	북구	관문동	35.898672	128.544378	88	91	1182
2723072500	대구광역시	북구	태전1동	35.920722	128.5458	88	92	1183
2723073500	대구광역시	북구	태전2동	35.918531	128.551011	88	92	1184
2723074500	대구광역시	북구	구암동	35.937369	128.571642	88	92	1185
2723075000	대구광역시	북구	관음동	35.941372	128.549631	88	92	1186
2723077000	대구광역시	북구	읍내동	35.942617	128.553078	88	92	1187
2723078000	대구광역시	북구	동천동	35.940122	128.557733	88	92	1188
2723079000	대구광역시	북구	노원동	35.890132	128.576212	89	91	1189
2723080000	대구광역시	북구	국우동	35.948028	128.57544	88	92	1190
2726000000	대구광역시	수성구		35.855208	128.632867	89	90	1191
2726051000	대구광역시	수성구	범어1동	35.8525	128.624278	89	90	1192
2726052000	대구광역시	수성구	범어2동	35.857114	128.633531	89	90	1193
2726053000	대구광역시	수성구	범어3동	35.863164	128.620089	89	90	1194
2726054000	대구광역시	수성구	범어4동	35.855147	128.643478	90	90	1195
2726055000	대구광역시	수성구	만촌1동	35.869914	128.649108	90	91	1196
2726056000	대구광역시	수성구	만촌2동	35.856897	128.649419	90	90	1197
2726056100	대구광역시	수성구	만촌3동	35.852506	128.652719	90	90	1198
2726057000	대구광역시	수성구	수성1가동	35.853394	128.6129	89	90	1199
2726058000	대구광역시	수성구	수성2.3가동	35.852786	128.621344	89	90	1200
2726059000	대구광역시	수성구	수성4가동	35.859683	128.618864	89	90	1201
2726060100	대구광역시	수성구	황금1동	35.840961	128.640422	90	90	1202
2726060200	대구광역시	수성구	황금2동	35.838556	128.627442	89	90	1203
2726061000	대구광역시	수성구	중동	35.844403	128.617222	89	90	1204
2726062000	대구광역시	수성구	상동	35.829158	128.617622	89	90	1205
2726063000	대구광역시	수성구	파동	35.812444	128.617311	89	89	1206
2726064000	대구광역시	수성구	두산동	35.82635	128.622808	89	90	1207
2726065100	대구광역시	수성구	지산1동	35.821889	128.639353	90	89	1208
2726065200	대구광역시	수성구	지산2동	35.820139	128.630253	89	89	1209
2726066100	대구광역시	수성구	범물1동	35.814822	128.648186	90	89	1210
2726066200	대구광역시	수성구	범물2동	35.814619	128.645678	90	89	1211
2726067000	대구광역시	수성구	고산1동	35.834142	128.714642	91	90	1212
2726068000	대구광역시	수성구	고산2동	35.840347	128.697344	91	90	1213
2726069000	대구광역시	수성구	고산3동	35.841272	128.708911	91	90	1214
2729000000	대구광역시	달서구		35.826928	128.535064	88	90	1215
2729051500	대구광역시	달서구	성당동	35.842942	128.549565	88	90	1216
2729053500	대구광역시	달서구	두류1.2동	35.855693	128.572198	89	90	1217
2729055000	대구광역시	달서구	두류3동	35.850714	128.557644	88	90	1218
2729055500	대구광역시	달서구	감삼동	35.848069	128.544378	88	90	1219
2729056300	대구광역시	달서구	죽전동	35.852839	128.542	88	90	1220
2729056800	대구광역시	달서구	장기동	35.840392	128.532178	88	90	1221
2729057100	대구광역시	달서구	용산1동	35.853717	128.533544	88	90	1222
2729057200	대구광역시	달서구	용산2동	35.855439	128.525153	88	90	1223
2729057600	대구광역시	달서구	이곡1동	35.8487	128.5128	87	90	1224
2729057700	대구광역시	달서구	이곡2동	35.852825	128.503097	87	90	1225
2729058500	대구광역시	달서구	신당동	35.856033	128.501044	87	90	1226
2729059000	대구광역시	달서구	본리동	35.839128	128.539853	88	90	1227
2729060100	대구광역시	달서구	월성1동	35.81665	128.525178	88	89	1228
2729060200	대구광역시	달서구	월성2동	35.827956	128.530497	88	90	1229
2729061500	대구광역시	달서구	진천동	35.8122	128.526675	88	89	1230
2729061700	대구광역시	달서구	유천동	35.817271	128.514013	87	89	1231
2729062400	대구광역시	달서구	상인1동	35.811256	128.547197	88	89	1232
2729062500	대구광역시	달서구	상인2동	35.809542	128.538519	88	89	1233
2729062600	대구광역시	달서구	상인3동	35.807089	128.552419	88	89	1234
2729062800	대구광역시	달서구	도원동	35.804467	128.5344	88	89	1235
2729063000	대구광역시	달서구	송현1동	35.826381	128.555619	88	90	1236
2729064000	대구광역시	달서구	송현2동	35.829836	128.547819	88	90	1237
2729065000	대구광역시	달서구	본동	35.831486	128.543289	88	90	1238
2771000000	대구광역시	달성군		35.771681	128.433275	86	88	1239
2771025000	대구광역시	달성군	화원읍	35.801117	128.503056	87	89	1240
2771025300	대구광역시	달성군	논공읍	35.7711	128.422556	86	88	1241
2771025600	대구광역시	달성군	다사읍	35.858833	128.456175	86	90	1242
2771025900	대구광역시	달성군	유가읍	35.693876	128.459773	87	87	1243
2771026200	대구광역시	달성군	옥포읍	35.786642	128.465978	87	89	1244
2771026500	대구광역시	달성군	현풍읍	35.694314	128.449786	86	87	1245
2771031000	대구광역시	달성군	가창면	35.799831	128.624689	89	89	1246
2771033000	대구광역시	달성군	하빈면	35.897944	128.447711	86	91	1247
2771038000	대구광역시	달성군	구지면	35.655764	128.415667	86	86	1248
2772000000	대구광역시	군위군		36.239997	128.575078	88	99	1249
2772025000	대구광역시	군위군	군위읍	36.236919	128.571019	88	98	1250
2772031000	대구광역시	군위군	소보면	36.251906	128.477622	86	99	1251
2772032000	대구광역시	군위군	효령면	36.153878	128.587678	88	97	1252
2772033000	대구광역시	군위군	부계면	36.097908	128.666453	90	95	1253
2772034000	대구광역시	군위군	우보면	36.192036	128.664042	90	98	1254
2772035000	대구광역시	군위군	의흥면	36.172875	128.717408	91	97	1255
2772036000	대구광역시	군위군	산성면	36.120144	128.697197	90	96	1256
2772037000	대구광역시	군위군	삼국유사면	36.118008	128.791486	92	96	1257
2800000000	인천광역시			37.453233	126.707353	55	124	1258
2812500000	인천광역시	제물포구		37.470933	126.623567	54	125	1259
2812551000	인천광역시	제물포구	신포동	37.467556	126.627156	54	125	1260
2812552000	인천광역시	제물포구	연안동	37.450419	126.6066	53	124	1261
2812553000	인천광역시	제물포구	신흥동	37.464872	126.636153	54	124	1262
2812554000	인천광역시	제물포구	도원동	37.465306	126.639975	54	124	1263
2812555000	인천광역시	제물포구	율목동	37.466461	126.637956	54	124	1264
2812556000	인천광역시	제물포구	동인천동	37.474047	126.631111	54	125	1265
2812557000	인천광역시	제물포구	개항동	37.472556	126.620686	54	125	1266
2812558000	인천광역시	제물포구	만석동	37.480444	126.627531	54	125	1267
2812559000	인천광역시	제물포구	화수1.화평동	37.478736	126.631953	54	125	1268
2812560000	인천광역시	제물포구	화수2동	37.481581	126.632222	54	125	1269
2812561000	인천광역시	제물포구	송현1.2동	37.473364	126.639189	54	125	1270
2812562000	인천광역시	제물포구	송현3동	37.479517	126.644722	54	125	1271
2812563000	인천광역시	제물포구	송림1동	37.473483	126.642333	54	125	1272
2812564000	인천광역시	제물포구	송림2동	37.473025	126.644731	54	125	1273
2812565000	인천광역시	제물포구	송림3.5동	37.470117	126.6486	54	125	1274
2812566000	인천광역시	제물포구	송림4동	37.475461	126.652022	54	125	1275
2812567000	인천광역시	제물포구	송림6동	37.474553	126.650031	54	125	1276
2812568000	인천광역시	제물포구	금창동	37.469778	126.641944	54	125	1277
2815500000	인천광역시	영종구		37.489768	126.559963	53	125	1278
2815551000	인천광역시	영종구	영종동	37.490747	126.532997	52	125	1279
2815552000	인천광역시	영종구	영종1동	37.489325	126.554234	53	125	1280
2815553000	인천광역시	영종구	영종2동	37.499284	126.568727	53	125	1281
2815554000	인천광역시	영종구	운서1동	37.493327	126.488337	51	125	1282
2815555000	인천광역시	영종구	운서2동	37.493699	126.498477	52	125	1283
2815556000	인천광역시	영종구	용유동	37.441069	126.404475	50	124	1284
2817700000	인천광역시	미추홀구		37.460681	126.652686	54	124	1285
2817751000	인천광역시	미추홀구	숭의2동	37.460253	126.649311	54	124	1286
2817752000	인천광역시	미추홀구	숭의1.3동	37.467243	126.647181	54	125	1287
2817753000	인천광역시	미추홀구	숭의4동	37.462044	126.661242	54	124	1288
2817754000	인천광역시	미추홀구	용현1.4동	37.456238	126.65992	54	124	1289
2817755000	인천광역시	미추홀구	용현2동	37.452322	126.647531	54	124	1290
2817756000	인천광역시	미추홀구	용현3동	37.453908	126.653967	54	124	1291
2817757000	인천광역시	미추홀구	용현5동	37.449714	126.642419	54	124	1292
2817758000	인천광역시	미추홀구	학익1동	37.437083	126.666233	54	124	1293
2817759000	인천광역시	미추홀구	학익2동	37.443769	126.669508	55	124	1294
2817760000	인천광역시	미추홀구	도화1동	37.4581	126.675897	55	124	1295
2817761000	인천광역시	미추홀구	도화2.3동	37.467526	126.664755	54	125	1296
2817762000	인천광역시	미추홀구	주안1동	37.460983	126.6787	55	124	1297
2817763000	인천광역시	미추홀구	주안2동	37.451914	126.674753	55	124	1298
2817764000	인천광역시	미추홀구	주안3동	37.442086	126.676111	55	124	1299
2817765000	인천광역시	미추홀구	주안4동	37.452294	126.692367	55	124	1300
2817766000	인천광역시	미추홀구	주안5동	37.463069	126.689108	55	124	1301
2817767000	인천광역시	미추홀구	주안6동	37.459658	126.6915	55	124	1302
2817768000	인천광역시	미추홀구	주안7동	37.445644	126.679711	55	124	1303
2817769000	인천광역시	미추홀구	주안8동	37.446825	126.691419	55	124	1304
2817770000	인천광역시	미추홀구	관교동	37.441417	126.698911	55	124	1305
2817771000	인천광역시	미추홀구	문학동	37.434881	126.687097	55	124	1306
2818500000	인천광역시	연수구		37.407122	126.680442	55	123	1307
2818563000	인천광역시	연수구	옥련1동	37.424533	126.657142	54	124	1308
2818564000	인천광역시	연수구	옥련2동	37.4235	126.650286	54	124	1309
2818575000	인천광역시	연수구	선학동	37.419692	126.703431	55	123	1310
2818576100	인천광역시	연수구	연수1동	37.419381	126.683708	55	123	1311
2818576200	인천광역시	연수구	연수2동	37.408872	126.683978	55	123	1312
2818576300	인천광역시	연수구	연수3동	37.4166	126.694156	55	123	1313
2818576600	인천광역시	연수구	청학동	37.4222	126.668219	55	124	1314
2818578000	인천광역시	연수구	동춘1동	37.40685	126.672908	55	123	1315
2818579000	인천광역시	연수구	동춘2동	37.399917	126.671364	55	123	1316
2818579500	인천광역시	연수구	동춘3동	37.405625	126.680367	55	123	1317
2818582000	인천광역시	연수구	송도1동	37.391058	126.652082	54	123	1318
2818583000	인천광역시	연수구	송도2동	37.40328	126.641639	54	123	1319
2818584000	인천광역시	연수구	송도3동	37.381672	126.663367	54	123	1320
2818585000	인천광역시	연수구	송도4동	37.388109	126.634928	54	123	1321
2818586000	인천광역시	연수구	송도5동	37.413941	126.623231	54	123	1322
2820000000	인천광역시	남동구		37.444519	126.733797	56	124	1323
2820051000	인천광역시	남동구	구월1동	37.449603	126.713675	55	124	1324
2820052000	인천광역시	남동구	구월2동	37.453264	126.715422	55	124	1325
2820052100	인천광역시	남동구	구월3동	37.449908	126.699033	55	124	1326
2820052200	인천광역시	남동구	구월4동	37.446806	126.726208	56	124	1327
2820053000	인천광역시	남동구	간석1동	37.455828	126.707367	55	124	1328
2820054000	인천광역시	남동구	간석2동	37.4589	126.711067	55	124	1329
2820055000	인천광역시	남동구	간석3동	37.463364	126.7166	55	124	1330
2820055100	인천광역시	남동구	간석4동	37.463789	126.7028	55	124	1331
2820056000	인천광역시	남동구	만수1동	37.445994	126.734133	56	124	1332
2820057000	인천광역시	남동구	만수2동	37.456417	126.732922	56	124	1333
2820058000	인천광역시	남동구	만수3동	37.459161	126.725178	55	124	1334
2820058100	인천광역시	남동구	만수4동	37.456697	126.737711	56	124	1335
2820058200	인천광역시	남동구	만수5동	37.455208	126.7299	56	124	1336
2820058300	인천광역시	남동구	만수6동	37.440914	126.739753	56	124	1337
2820065000	인천광역시	남동구	장수서창동	37.433083	126.749453	56	124	1338
2820065500	인천광역시	남동구	서창2동	37.424015	126.752162	56	124	1339
2820066000	인천광역시	남동구	남촌도림동	37.429378	126.717286	55	124	1340
2820069000	인천광역시	남동구	논현1동	37.40569	126.72932	56	123	1341
2820070000	인천광역시	남동구	논현2동	37.404224	126.716394	55	123	1342
2820071000	인천광역시	남동구	논현고잔동	37.401453	126.718342	55	123	1343
2823700000	인천광역시	부평구		37.504267	126.7241	55	125	1344
2823751000	인천광역시	부평구	부평1동	37.491433	126.722108	55	125	1345
2823752000	인천광역시	부평구	부평2동	37.484089	126.720042	55	125	1346
2823753000	인천광역시	부평구	부평3동	37.483239	126.710286	55	125	1347
2823754000	인천광역시	부평구	부평4동	37.498042	126.727	56	125	1348
2823755000	인천광역시	부평구	부평5동	37.490825	126.730475	56	125	1349
2823756000	인천광역시	부평구	부평6동	37.483631	126.726533	56	125	1350
2823757000	인천광역시	부평구	산곡1동	37.504142	126.702319	55	125	1351
2823758000	인천광역시	부평구	산곡2동	37.50305	126.710708	55	125	1352
2823758100	인천광역시	부평구	산곡3동	37.487953	126.711511	55	125	1353
2823758200	인천광역시	부평구	산곡4동	37.499075	126.713544	55	125	1354
2823759100	인천광역시	부평구	청천1동	37.513928	126.703897	55	126	1355
2823759200	인천광역시	부평구	청천2동	37.512061	126.706533	55	125	1356
2823764100	인천광역시	부평구	갈산1동	37.514811	126.729344	56	126	1357
2823764200	인천광역시	부평구	갈산2동	37.507956	126.727931	56	125	1358
2823764600	인천광역시	부평구	삼산1동	37.515628	126.739778	56	126	1359
2823764800	인천광역시	부평구	삼산2동	37.508972	126.738486	56	125	1360
2823765000	인천광역시	부평구	부개1동	37.4827	126.739108	56	125	1361
2823766000	인천광역시	부평구	부개2동	37.492	126.739222	56	125	1362
2823766100	인천광역시	부평구	부개3동	37.501564	126.737	56	125	1363
2823767000	인천광역시	부평구	일신동	37.481567	126.748978	56	125	1364
2823768000	인천광역시	부평구	십정1동	37.472972	126.6982	55	125	1365
2823769000	인천광역시	부평구	십정2동	37.471	126.710131	55	125	1366
2824500000	인천광역시	계양구		37.534792	126.739753	56	126	1367
2824560100	인천광역시	계양구	효성1동	37.529606	126.714222	55	126	1368
2824560200	인천광역시	계양구	효성2동	37.522233	126.711864	55	126	1369
2824561100	인천광역시	계양구	계산1동	37.540108	126.726575	55	126	1370
2824561200	인천광역시	계양구	계산2동	37.544622	126.729264	56	126	1371
2824561300	인천광역시	계양구	계산3동	37.533928	126.731133	56	126	1372
2824561400	인천광역시	계양구	계산4동	37.531783	126.743897	56	126	1373
2824562100	인천광역시	계양구	작전1동	37.527919	126.731886	56	126	1374
2824562200	인천광역시	계양구	작전2동	37.530089	126.726067	55	126	1375
2824564000	인천광역시	계양구	작전서운동	37.525239	126.738553	56	126	1376
2824571000	인천광역시	계양구	계양1동	37.574103	126.736242	56	127	1377
2824572000	인천광역시	계양구	계양2동	37.540956	126.739167	56	126	1378
2824573000	인천광역시	계양구	계양3동	37.559167	126.7604	56	127	1379
2827500000	인천광역시	서해구		37.542692	126.6782	55	126	1380
2827551500	인천광역시	서해구	검암경서동	37.561661	126.675708	55	127	1381
2827553000	인천광역시	서해구	연희동	37.546225	126.680267	55	126	1382
2827553600	인천광역시	서해구	청라1동	37.531972	126.653834	54	126	1383
2827553700	인천광역시	서해구	청라2동	37.531967	126.641014	54	126	1384
2827553900	인천광역시	서해구	청라3동	37.524693	126.629526	54	126	1385
2827554200	인천광역시	서해구	가정1동	37.520447	126.676533	55	126	1386
2827554300	인천광역시	서해구	가정2동	37.523553	126.679833	55	126	1387
2827554400	인천광역시	서해구	가정3동	37.512719	126.679919	55	125	1388
2827555000	인천광역시	서해구	석남1동	37.508356	126.676797	55	125	1389
2827556000	인천광역시	서해구	석남2동	37.499811	126.676697	55	125	1390
2827556100	인천광역시	서해구	석남3동	37.505419	126.680375	55	125	1391
2827557500	인천광역시	서해구	신현원창동	37.511797	126.674353	55	125	1392
2827558000	인천광역시	서해구	가좌1동	37.491114	126.675097	55	125	1393
2827559000	인천광역시	서해구	가좌2동	37.48805	126.686953	55	125	1394
2827560000	인천광역시	서해구	가좌3동	37.489653	126.681878	55	125	1395
2827561000	인천광역시	서해구	가좌4동	37.484622	126.685686	55	125	1396
2829000000	인천광역시	검단구		37.591534	126.681569	55	127	1397
2829051000	인천광역시	검단구	검단동	37.599381	126.663375	54	127	1398
2829052000	인천광역시	검단구	불로대곡동	37.614361	126.690978	55	128	1399
2829053000	인천광역시	검단구	원당동	37.591114	126.699844	55	127	1400
2829054000	인천광역시	검단구	당하동	37.591172	126.677311	55	127	1401
2829055000	인천광역시	검단구	오류왕길동	37.597691	126.637152	54	127	1402
2829056000	인천광역시	검단구	마전동	37.592962	126.661329	54	127	1403
2829057000	인천광역시	검단구	아라1동	37.585261	126.709238	55	127	1404
2829058000	인천광역시	검단구	아라2동	37.593998	126.715633	55	127	1405
2871000000	인천광역시	강화군		37.743858	126.49	51	130	1406
2871025000	인천광역시	강화군	강화읍	37.745542	126.485597	51	131	1407
2871031000	인천광역시	강화군	선원면	37.710506	126.486886	51	130	1408
2871032000	인천광역시	강화군	불은면	37.683856	126.482419	51	129	1409
2871033000	인천광역시	강화군	길상면	37.637825	126.493167	51	128	1410
2871034000	인천광역시	강화군	화도면	37.628908	126.422278	50	128	1411
2871035000	인천광역시	강화군	양도면	37.659986	126.424156	50	129	1412
2871036000	인천광역시	강화군	내가면	37.7166	126.391886	50	130	1413
2871037000	인천광역시	강화군	하점면	37.771939	126.413642	50	131	1414
2871038000	인천광역시	강화군	양사면	37.795825	126.410219	50	132	1415
2871039000	인천광역시	강화군	송해면	37.761775	126.465442	51	131	1416
2871040000	인천광역시	강화군	교동면	37.777442	126.282611	48	131	1417
2871041000	인천광역시	강화군	삼산면	37.700681	126.322875	49	130	1418
2871042000	인천광역시	강화군	서도면	37.647581	126.242108	47	128	1419
2872000000	인천광역시	옹진군		37.443725	126.638889	54	124	1420
2872031000	인천광역시	옹진군	북도면	37.529675	126.429133	50	126	1421
2872033000	인천광역시	옹진군	백령면	37.974176	124.718691	21	135	1422
2872034000	인천광역시	옹진군	대청면	37.8256	124.7141	21	132	1423
2872035000	인천광역시	옹진군	덕적면	37.223581	126.148889	46	119	1424
2872036000	인천광역시	옹진군	영흥면	37.252939	126.485911	51	120	1425
2872037000	인천광역시	옹진군	자월면	37.24825	126.313219	48	120	1426
2872038000	인천광역시	옹진군	연평면	37.662389	125.704108	38	129	1427
3000000000	대전광역시			36.347119	127.386567	67	100	1428
3011000000	대전광역시	동구		36.324133	127.434853	68	100	1429
3011051500	대전광역시	동구	중앙동	36.328919	127.4311	68	100	1430
3011053000	대전광역시	동구	효동	36.314081	127.443864	68	100	1431
3011054500	대전광역시	동구	신인동	36.323425	127.437938	68	100	1432
3011055100	대전광역시	동구	판암1동	36.314403	127.459853	69	100	1433
3011055200	대전광역시	동구	판암2동	36.317461	127.459508	69	100	1434
3011056000	대전광역시	동구	용운동	36.325158	127.4636	69	100	1435
3011058500	대전광역시	동구	대동	36.325417	127.447867	68	100	1436
3011059000	대전광역시	동구	자양동	36.332461	127.451242	68	100	1437
3011062000	대전광역시	동구	가양1동	36.344089	127.443578	68	100	1438
3011063000	대전광역시	동구	가양2동	36.346111	127.449508	68	100	1439
3011064000	대전광역시	동구	용전동	36.355106	127.434411	68	101	1440
3011066500	대전광역시	동구	성남동	36.344542	127.437436	68	100	1441
3011067000	대전광역시	동구	홍도동	36.344036	127.425456	68	100	1442
3011069500	대전광역시	동구	삼성동	36.340595	127.422199	68	100	1443
3011072500	대전광역시	동구	대청동	36.340647	127.494731	69	100	1444
3011074000	대전광역시	동구	산내동	36.278625	127.469975	69	99	1445
3014000000	대전광역시	중구		36.322631	127.423111	68	100	1446
3014053500	대전광역시	중구	은행선화동	36.324844	127.4204	68	100	1447
3014055000	대전광역시	중구	목동	36.33145	127.414622	68	100	1448
3014056000	대전광역시	중구	중촌동	36.338904	127.412426	68	100	1449
3014057500	대전광역시	중구	대흥동	36.317397	127.428031	68	100	1450
3014060500	대전광역시	중구	문창동	36.313272	127.440056	68	100	1451
3014062000	대전광역시	중구	석교동	36.306728	127.444533	68	99	1452
3014063000	대전광역시	중구	대사동	36.314714	127.426975	68	100	1453
3014064000	대전광역시	중구	부사동	36.311272	127.435822	68	100	1454
3014065500	대전광역시	중구	용두동	36.322569	127.412475	68	100	1455
3014067000	대전광역시	중구	오류동	36.3226	127.405922	68	100	1456
3014068000	대전광역시	중구	태평1동	36.323231	127.399167	68	100	1457
3014069000	대전광역시	중구	태평2동	36.318325	127.395	67	100	1458
3014070000	대전광역시	중구	유천1동	36.312136	127.397367	67	100	1459
3014071000	대전광역시	중구	유천2동	36.312483	127.401331	68	100	1460
3014072000	대전광역시	중구	문화1동	36.312428	127.408642	68	100	1461
3014073000	대전광역시	중구	문화2동	36.304789	127.401344	68	99	1462
3014074000	대전광역시	중구	산성동	36.302436	127.388219	67	99	1463
3017000000	대전광역시	서구		36.352483	127.385775	67	100	1464
3017051000	대전광역시	서구	복수동	36.303833	127.375978	67	99	1465
3017052000	대전광역시	서구	도마1동	36.313064	127.383186	67	100	1466
3017053000	대전광역시	서구	도마2동	36.309831	127.375708	67	100	1467
3017053500	대전광역시	서구	정림동	36.301547	127.368864	67	99	1468
3017054000	대전광역시	서구	변동	36.322917	127.388889	67	100	1469
3017055000	대전광역시	서구	용문동	36.333694	127.396389	67	100	1470
3017055500	대전광역시	서구	탄방동	36.343669	127.397264	67	100	1471
3017056000	대전광역시	서구	괴정동	36.334258	127.384142	67	100	1472
3017057000	대전광역시	서구	가장동	36.32715	127.387353	67	100	1473
3017057500	대전광역시	서구	내동	36.329258	127.379508	67	100	1474
3017058100	대전광역시	서구	갈마1동	36.349744	127.369975	67	100	1475
3017058200	대전광역시	서구	갈마2동	36.343756	127.377022	67	100	1476
3017058600	대전광역시	서구	월평1동	36.351758	127.359731	67	100	1477
3017058700	대전광역시	서구	월평2동	36.360631	127.376233	67	101	1478
3017058800	대전광역시	서구	월평3동	36.357361	127.369	67	101	1479
3017059000	대전광역시	서구	가수원동	36.300617	127.351411	67	99	1480
3017059300	대전광역시	서구	도안동	36.323618	127.346732	67	100	1481
3017059600	대전광역시	서구	관저1동	36.300911	127.3394	66	99	1482
3017059700	대전광역시	서구	관저2동	36.296211	127.337222	66	99	1483
3017060000	대전광역시	서구	기성동	36.252931	127.343764	67	98	1484
3017063000	대전광역시	서구	둔산1동	36.349519	127.387942	67	100	1485
3017064000	대전광역시	서구	둔산2동	36.350847	127.385653	67	100	1486
3017065000	대전광역시	서구	만년동	36.364628	127.377131	67	101	1487
3017066000	대전광역시	서구	둔산3동	36.353431	127.400001	68	101	1488
3020000000	대전광역시	유성구		36.359367	127.358342	67	101	1489
3020052000	대전광역시	유성구	진잠동	36.29685	127.3186	66	99	1490
3020052600	대전광역시	유성구	학하동	36.34114	127.30873	66	100	1491
3020052700	대전광역시	유성구	상대동	36.346795	127.334691	66	100	1492
3020053000	대전광역시	유성구	온천1동	36.350256	127.341111	66	100	1493
3020054000	대전광역시	유성구	온천2동	36.357228	127.339042	66	101	1494
3020054600	대전광역시	유성구	노은1동	36.365331	127.320556	66	101	1495
3020054700	대전광역시	유성구	노은2동	36.388581	127.313911	66	101	1496
3020054800	대전광역시	유성구	노은3동	36.386791	127.307896	66	101	1497
3020055000	대전광역시	유성구	신성동	36.38625	127.349533	67	101	1498
3020057000	대전광역시	유성구	전민동	36.397028	127.402531	68	101	1499
3020058000	대전광역시	유성구	구즉동	36.437469	127.385922	67	102	1500
3020060000	대전광역시	유성구	관평동	36.42317	127.388777	68	101	1501
3020061000	대전광역시	유성구	원신흥동	36.342146	127.343296	67	100	1502
3023000000	대전광역시	대덕구		36.343794	127.417686	68	100	1503
3023051000	대전광역시	대덕구	오정동	36.350833	127.411975	68	100	1504
3023052000	대전광역시	대덕구	대화동	36.36345	127.413464	68	101	1505
3023052500	대전광역시	대덕구	회덕동	36.373333	127.4236	68	101	1506
3023053300	대전광역시	대덕구	비래동	36.352014	127.452022	68	100	1507
3023054300	대전광역시	대덕구	송촌동	36.362722	127.442033	68	101	1508
3023054600	대전광역시	대덕구	중리동	36.357722	127.428553	68	101	1509
3023055000	대전광역시	대덕구	신탄진동	36.448789	127.431208	68	103	1510
3023056000	대전광역시	대덕구	석봉동	36.445194	127.427875	68	102	1511
3023057000	대전광역시	대덕구	덕암동	36.437344	127.429075	68	102	1512
3023058000	대전광역시	대덕구	목상동	36.445575	127.414331	68	102	1513
3023060000	대전광역시	대덕구	법1동	36.367906	127.428897	68	101	1514
3023061000	대전광역시	대덕구	법2동	36.364319	127.432908	68	101	1515
3100000000	울산광역시			35.535408	129.313689	102	84	1516
3111000000	울산광역시	중구		35.566342	129.334875	102	84	1517
3111051000	울산광역시	중구	학성동	35.552319	129.336986	102	84	1518
3111052000	울산광역시	중구	반구1동	35.553386	129.343911	102	84	1519
3111053000	울산광역시	중구	반구2동	35.560306	129.343097	102	84	1520
3111055500	울산광역시	중구	복산동	35.565793	129.334252	102	84	1521
3111058500	울산광역시	중구	중앙동	35.557542	129.32405	102	84	1522
3111059000	울산광역시	중구	우정동	35.551736	129.314642	102	84	1523
3111060000	울산광역시	중구	태화동	35.553517	129.306731	102	84	1524
3111061000	울산광역시	중구	다운동	35.5533	129.277989	101	84	1525
3111062000	울산광역시	중구	병영1동	35.567011	129.348856	102	84	1526
3111063000	울산광역시	중구	병영2동	35.57635	129.348275	102	85	1527
3111064000	울산광역시	중구	약사동	35.567392	129.339542	102	84	1528
3111065000	울산광역시	중구	성안동	35.574342	129.309697	102	85	1529
3114000000	울산광역시	남구		35.540764	129.332386	102	84	1530
3114051000	울산광역시	남구	신정1동	35.538292	129.308844	102	84	1531
3114052000	울산광역시	남구	신정2동	35.531611	129.310178	102	84	1532
3114053000	울산광역시	남구	신정3동	35.541967	129.318722	102	84	1533
3114054000	울산광역시	남구	신정4동	35.526281	129.316778	102	83	1534
3114055000	울산광역시	남구	신정5동	35.54185	129.323722	102	84	1535
3114056000	울산광역시	남구	달동	35.533394	129.318844	102	84	1536
3114057000	울산광역시	남구	삼산동	35.541389	129.334156	102	84	1537
3114058500	울산광역시	남구	삼호동	35.546944	129.268275	101	84	1538
3114059500	울산광역시	남구	무거동	35.547922	129.263011	101	84	1539
3114060000	울산광역시	남구	옥동	35.532244	129.296167	101	84	1540
3114062500	울산광역시	남구	대현동	35.523508	129.329122	102	83	1541
3114063500	울산광역시	남구	수암동	35.521358	129.320667	102	83	1542
3114064000	울산광역시	남구	선암동	35.509861	129.3375	102	83	1543
3114067000	울산광역시	남구	야음장생포동	35.516581	129.341275	102	83	1544
3117000000	울산광역시	동구		35.501889	129.418953	104	83	1545
3117051000	울산광역시	동구	방어동	35.482975	129.426411	104	83	1546
3117052000	울산광역시	동구	일산동	35.495031	129.428544	104	83	1547
3117053000	울산광역시	동구	화정동	35.4907	129.426864	104	83	1548
3117054000	울산광역시	동구	대송동	35.500136	129.420644	104	83	1549
3117055000	울산광역시	동구	전하1동	35.513758	129.430875	104	83	1550
3117056000	울산광역시	동구	전하2동	35.506303	129.431575	104	83	1551
3117058000	울산광역시	동구	남목1동	35.536342	129.423133	104	84	1552
3117059000	울산광역시	동구	남목2동	35.521564	129.433889	104	83	1553
3117060000	울산광역시	동구	남목3동	35.542944	129.433633	104	84	1554
3120000000	울산광역시	북구		35.579689	129.363544	103	85	1555
3120051000	울산광역시	북구	농소1동	35.619753	129.358333	102	86	1556
3120052000	울산광역시	북구	농소2동	35.635239	129.350475	102	86	1557
3120053000	울산광역시	북구	농소3동	35.625633	129.341933	102	86	1558
3120054000	울산광역시	북구	강동동	35.612406	129.450653	104	85	1559
3120056000	울산광역시	북구	효문동	35.574792	129.363397	103	85	1560
3120057000	울산광역시	북구	송정동	35.591775	129.359811	103	85	1561
3120058000	울산광역시	북구	양정동	35.542936	129.387808	103	84	1562
3120059000	울산광역시	북구	염포동	35.523819	129.401397	103	83	1563
3171000000	울산광역시	울주군		35.530739	129.297164	101	84	1564
3171025000	울산광역시	울주군	온산읍	35.431581	129.316864	102	81	1565
3171025300	울산광역시	울주군	언양읍	35.566372	129.128044	98	84	1566
3171025600	울산광역시	울주군	온양읍	35.415903	129.283056	101	81	1567
3171025900	울산광역시	울주군	범서읍	35.565903	129.232419	100	84	1568
3171026200	울산광역시	울주군	청량읍	35.49313	129.306002	102	83	1569
3171026500	울산광역시	울주군	삼남읍	35.538823	129.106515	98	84	1570
3171031000	울산광역시	울주군	서생면	35.346172	129.328567	102	80	1571
3171034000	울산광역시	울주군	웅촌면	35.463131	129.211844	100	82	1572
3171036000	울산광역시	울주군	두동면	35.651217	129.203531	100	86	1573
3171037000	울산광역시	울주군	두서면	35.640431	129.1612	99	86	1574
3171038000	울산광역시	울주군	상북면	35.587561	129.093464	98	85	1575
3171040000	울산광역시	울주군	삼동면	35.519086	129.159156	99	83	1576
3600000000	세종특별자치시			36.480012	127.289069	66	103	1577
3611000000	세종특별자치시	세종특별자치시		36.480012	127.289069	66	103	1578
3611025000	세종특별자치시	세종특별자치시	조치원읍	36.604528	127.298399	66	106	1579
3611031000	세종특별자치시	세종특별자치시	연기면	36.541874	127.273774	65	105	1580
3611032000	세종특별자치시	세종특별자치시	연동면	36.559089	127.326866	66	105	1581
3611033000	세종특별자치시	세종특별자치시	부강면	36.527112	127.370376	67	104	1582
3611034000	세종특별자치시	세종특별자치시	금남면	36.463826	127.28035	65	103	1583
3611035000	세종특별자치시	세종특별자치시	장군면	36.496793	127.205601	64	104	1584
3611036000	세종특별자치시	세종특별자치시	연서면	36.592587	127.271622	65	106	1585
3611037000	세종특별자치시	세종특별자치시	전의면	36.681251	127.195513	64	108	1586
3611038000	세종특별자치시	세종특별자치시	전동면	36.65609	127.264162	65	107	1587
3611039000	세종특별자치시	세종특별자치시	소정면	36.722318	127.158253	63	108	1588
3611051000	세종특별자치시	세종특별자치시	한솔동	36.479036	127.254625	65	103	1589
3611051500	세종특별자치시	세종특별자치시	새롬동	36.486542	127.256899	65	103	1590
3611051800	세종특별자치시	세종특별자치시	나성동	36.489153	127.264306	65	103	1591
3611052000	세종특별자치시	세종특별자치시	도담동	36.517311	127.262397	65	104	1592
3611052300	세종특별자치시	세종특별자치시	어진동	36.501745	127.256708	65	104	1593
3611052500	세종특별자치시	세종특별자치시	해밀동	36.527022	127.268085	65	104	1594
3611053000	세종특별자치시	세종특별자치시	아름동	36.512042	127.248222	65	104	1595
3611054000	세종특별자치시	세종특별자치시	종촌동	36.511957	127.247612	65	104	1596
3611055000	세종특별자치시	세종특별자치시	고운동	36.519776	127.236841	65	104	1597
3611055500	세종특별자치시	세종특별자치시	소담동	36.483522	127.301191	66	103	1598
3611055600	세종특별자치시	세종특별자치시	반곡동	36.498753	127.310678	66	104	1599
3611056000	세종특별자치시	세종특별자치시	보람동	36.47885	127.290412	66	103	1600
3611057000	세종특별자치시	세종특별자치시	대평동	36.47127	127.27953	65	103	1601
3611058000	세종특별자치시	세종특별자치시	다정동	36.493977	127.247913	65	104	1602
4100000000	경기도			37.271844	127.011689	60	120	1603
4111100000	경기도	수원시장안구		37.301011	127.012222	60	121	1604
4111156000	경기도	수원시장안구	파장동	37.305583	126.996886	60	121	1605
4111156600	경기도	수원시장안구	율천동	37.294769	126.973578	60	121	1606
4111157100	경기도	수원시장안구	정자1동	37.299386	126.993375	60	121	1607
4111157200	경기도	수원시장안구	정자2동	37.292286	127.002622	60	121	1608
4111157300	경기도	수원시장안구	정자3동	37.293778	126.997664	60	121	1609
4111158000	경기도	수원시장안구	영화동	37.290317	127.016133	61	121	1610
4111159100	경기도	수원시장안구	송죽동	37.297667	127.009175	60	121	1611
4111159700	경기도	수원시장안구	조원1동	37.298986	127.018497	61	121	1612
4111159800	경기도	수원시장안구	조원2동	37.302789	127.011819	60	121	1613
4111160000	경기도	수원시장안구	연무동	37.287719	127.023667	61	121	1614
4111300000	경기도	수원시권선구		37.254733	126.974075	60	120	1615
4111352000	경기도	수원시권선구	세류1동	37.259358	127.010056	60	120	1616
4111353000	경기도	수원시권선구	세류2동	37.250517	127.015131	61	120	1617
4111354000	경기도	수원시권선구	세류3동	37.256219	127.014033	61	120	1618
4111355000	경기도	수원시권선구	평동	37.255167	126.996133	60	120	1619
4111356000	경기도	수원시권선구	서둔동	37.269725	126.988097	60	120	1620
4111365000	경기도	수원시권선구	구운동	37.274344	126.973578	60	120	1621
4111366200	경기도	수원시권선구	금곡동	37.27274	126.952182	59	120	1622
4111366400	경기도	수원시권선구	호매실동	37.266225	126.957088	60	120	1623
4111367000	경기도	수원시권선구	권선1동	37.253778	127.036975	61	120	1624
4111368000	경기도	수원시권선구	권선2동	37.248492	127.031778	61	120	1625
4111369000	경기도	수원시권선구	곡선동	37.240386	127.035422	61	120	1626
4111370000	경기도	수원시권선구	입북동	37.290422	126.961731	60	121	1627
4111500000	경기도	수원시팔달구		37.283103	127.037833	61	121	1628
4111565000	경기도	수원시팔달구	매교동	37.265678	127.016275	61	120	1629
4111566000	경기도	수원시팔달구	매산동	37.265889	127.007778	60	120	1630
4111567000	경기도	수원시팔달구	고등동	37.270481	127.003219	60	120	1631
4111568000	경기도	수원시팔달구	화서1동	37.27385	126.996886	60	120	1632
4111569000	경기도	수원시팔달구	화서2동	37.280514	126.996356	60	121	1633
4111570000	경기도	수원시팔달구	지동	37.279211	127.030522	61	120	1634
4111571000	경기도	수원시팔달구	우만1동	37.282539	127.031453	61	121	1635
4111572000	경기도	수원시팔달구	우만2동	37.275117	127.041853	61	120	1636
4111573000	경기도	수원시팔달구	인계동	37.267556	127.023389	61	120	1637
4111574000	경기도	수원시팔달구	행궁동	37.281253	127.014753	61	121	1638
4111700000	경기도	수원시영통구		37.256311	127.048633	61	120	1639
4111751000	경기도	수원시영통구	매탄1동	37.267631	127.042564	61	120	1640
4111752000	경기도	수원시영통구	매탄2동	37.26725	127.0495	61	120	1641
4111753000	경기도	수원시영통구	매탄3동	37.253769	127.045153	61	120	1642
4111754000	경기도	수원시영통구	매탄4동	37.262269	127.050789	61	120	1643
4111755000	경기도	수원시영통구	원천동	37.270853	127.059533	61	120	1644
4111757000	경기도	수원시영통구	영통1동	37.263456	127.082644	62	120	1645
4111758000	경기도	수원시영통구	영통2동	37.244056	127.058422	61	120	1646
4111758500	경기도	수원시영통구	영통3동	37.252774	127.076907	62	120	1647
4111759300	경기도	수원시영통구	망포1동	37.237819	127.058892	61	120	1648
4111759600	경기도	수원시영통구	망포2동	37.238714	127.049338	61	120	1649
4111760000	경기도	수원시영통구	광교1동	37.290231	127.047631	61	121	1650
4111761000	경기도	수원시영통구	광교2동	37.292206	127.070128	62	121	1651
4113100000	경기도	성남시수정구		37.447492	127.147719	63	124	1652
4113151000	경기도	성남시수정구	신흥1동	37.440239	127.143275	63	124	1653
4113152000	경기도	성남시수정구	신흥2동	37.445853	127.147889	63	124	1654
4113153000	경기도	성남시수정구	신흥3동	37.440733	127.151086	63	124	1655
4113154000	경기도	성남시수정구	태평1동	37.437858	127.128333	62	124	1656
4113155000	경기도	성남시수정구	태평2동	37.444867	127.1408	63	124	1657
4113156000	경기도	성남시수정구	태평3동	37.442617	127.135022	63	124	1658
4113156100	경기도	성남시수정구	태평4동	37.445139	127.143464	63	124	1659
4113157000	경기도	성남시수정구	수진1동	37.435722	127.141111	63	124	1660
4113158000	경기도	성남시수정구	수진2동	37.434583	127.130753	62	124	1661
4113159000	경기도	성남시수정구	단대동	37.446667	127.157419	63	124	1662
4113160000	경기도	성남시수정구	산성동	37.449472	127.152253	63	124	1663
4113161000	경기도	성남시수정구	양지동	37.452111	127.163111	63	124	1664
4113162000	경기도	성남시수정구	복정동	37.462722	127.129289	62	124	1665
4113162500	경기도	성남시수정구	위례동	37.468235	127.149655	63	125	1666
4113163000	경기도	성남시수정구	신촌동	37.451886	127.106519	62	124	1667
4113164000	경기도	성남시수정구	고등동	37.422233	127.103642	62	124	1668
4113165000	경기도	성남시수정구	시흥동	37.419214	127.110233	62	124	1669
4113300000	경기도	성남시중원구		37.427669	127.139419	63	124	1670
4113351000	경기도	성남시중원구	성남동	37.429075	127.133531	63	124	1671
4113352500	경기도	성남시중원구	중앙동	37.443975	127.157472	63	124	1672
4113353000	경기도	성남시중원구	금광1동	37.442236	127.164533	63	124	1673
4113354000	경기도	성남시중원구	금광2동	37.443472	127.166133	63	124	1674
4113355000	경기도	성남시중원구	은행1동	37.449247	127.170997	63	124	1675
4113356000	경기도	성남시중원구	은행2동	37.4543	127.168789	63	124	1676
4113357000	경기도	성남시중원구	상대원1동	37.430456	127.166419	63	124	1677
4113358000	경기도	성남시중원구	상대원2동	37.436103	127.1604	63	124	1678
4113359000	경기도	성남시중원구	상대원3동	37.436914	127.1675	63	124	1679
4113366000	경기도	성남시중원구	하대원동	37.425481	127.148464	63	124	1680
4113367000	경기도	성남시중원구	도촌동	37.416192	127.153642	63	123	1681
4113500000	경기도	성남시분당구		37.379969	127.121019	62	123	1682
4113551000	경기도	성남시분당구	분당동	37.367283	127.1332	63	122	1683
4113552000	경기도	성남시분당구	수내1동	37.372583	127.120131	62	123	1684
4113553000	경기도	성남시분당구	수내2동	37.369553	127.122942	62	122	1685
4113554000	경기도	성남시분당구	수내3동	37.363997	127.128275	62	122	1686
4113554500	경기도	성남시분당구	정자동	37.36145	127.111544	62	122	1687
4113555000	경기도	성남시분당구	정자1동	37.358658	127.113586	62	122	1688
4113556000	경기도	성남시분당구	정자2동	37.363136	127.117311	62	122	1689
4113557000	경기도	성남시분당구	정자3동	37.357964	127.121633	62	122	1690
4113558000	경기도	성남시분당구	서현1동	37.379831	127.127889	62	123	1691
4113559000	경기도	성남시분당구	서현2동	37.373194	127.136667	63	123	1692
4113560000	경기도	성남시분당구	이매1동	37.396739	127.129244	62	123	1693
4113561000	경기도	성남시분당구	이매2동	37.396756	127.123986	62	123	1694
4113562000	경기도	성남시분당구	야탑1동	37.409214	127.132319	63	123	1695
4113563000	경기도	성남시분당구	야탑2동	37.406575	127.129419	62	123	1696
4113564000	경기도	성남시분당구	야탑3동	37.407997	127.140022	63	123	1697
4113565000	경기도	성남시분당구	판교동	37.379247	127.1032	62	123	1698
4113565500	경기도	성남시분당구	삼평동	37.406072	127.116388	62	123	1699
4113565700	경기도	성남시분당구	백현동	37.388529	127.11084	62	123	1700
4113566200	경기도	성남시분당구	금곡동	37.351647	127.107052	62	122	1701
4113566500	경기도	성남시분당구	구미1동	37.349365	127.111763	62	122	1702
4113567000	경기도	성남시분당구	구미동	37.336756	127.123031	62	122	1703
4113568000	경기도	성남시분당구	운중동	37.392042	127.080367	62	123	1704
4115000000	경기도	의정부시		37.735289	127.035842	61	130	1705
4115051000	경기도	의정부시	의정부1동	37.743703	127.049844	61	131	1706
4115052000	경기도	의정부시	의정부2동	37.738006	127.044933	61	130	1707
4115054500	경기도	의정부시	호원1동	37.709194	127.050822	61	130	1708
4115055500	경기도	의정부시	호원2동	37.723744	127.045197	61	130	1709
4115056100	경기도	의정부시	장암동	37.723597	127.056344	61	130	1710
4115056700	경기도	의정부시	신곡1동	37.728744	127.058919	61	130	1711
4115056800	경기도	의정부시	신곡2동	37.740872	127.060056	61	131	1712
4115057300	경기도	의정부시	송산1동	37.731122	127.086765	62	130	1713
4115057600	경기도	의정부시	송산2동	37.736922	127.092178	62	130	1714
4115057800	경기도	의정부시	송산3동	37.755312	127.111708	62	131	1715
4115058000	경기도	의정부시	자금동	37.747531	127.060286	61	131	1716
4115059500	경기도	의정부시	가능동	37.746261	127.044433	61	131	1717
4115061500	경기도	의정부시	흥선동	37.746306	127.030622	61	131	1718
4115062000	경기도	의정부시	녹양동	37.757361	127.034419	61	131	1719
4115063000	경기도	의정부시	고산동	37.731501	127.108061	62	130	1720
4117100000	경기도	안양시만안구		37.383778	126.9345	59	123	1721
4117151000	경기도	안양시만안구	안양1동	37.396339	126.928133	59	123	1722
4117152000	경기도	안양시만안구	안양2동	37.402225	126.919867	59	123	1723
4117153000	경기도	안양시만안구	안양3동	37.393231	126.916797	59	123	1724
4117154000	경기도	안양시만안구	안양4동	37.393586	126.919886	59	123	1725
4117155000	경기도	안양시만안구	안양5동	37.391533	126.923064	59	123	1726
4117156000	경기도	안양시만안구	안양6동	37.387217	126.932644	59	123	1727
4117157000	경기도	안양시만안구	안양7동	37.3897	126.937956	59	123	1728
4117158000	경기도	안양시만안구	안양8동	37.381436	126.934222	59	123	1729
4117158100	경기도	안양시만안구	안양9동	37.388658	126.910564	59	123	1730
4117159000	경기도	안양시만안구	석수1동	37.416747	126.912697	59	123	1731
4117160000	경기도	안양시만안구	석수2동	37.414281	126.909433	59	123	1732
4117161100	경기도	안양시만안구	충훈동	37.409197	126.899441	58	123	1733
4117164000	경기도	안양시만안구	박달동	37.403664	126.909119	59	123	1734
4117165000	경기도	안양시만안구	호현동	37.401953	126.904711	59	123	1735
4117300000	경기도	안양시동안구		37.3897	126.953356	59	123	1736
4117351000	경기도	안양시동안구	비산1동	37.396983	126.935544	59	123	1737
4117352000	경기도	안양시동안구	비산2동	37.394256	126.943578	59	123	1738
4117353000	경기도	안양시동안구	비산3동	37.401575	126.946886	59	123	1739
4117354000	경기도	안양시동안구	부흥동	37.390844	126.949353	59	123	1740
4117354600	경기도	안양시동안구	달안동	37.393264	126.952264	59	123	1741
4117355200	경기도	안양시동안구	관양동	37.406136	126.961465	60	123	1742
4117355900	경기도	안양시동안구	인덕원동	37.402267	126.970979	60	123	1743
4117356600	경기도	안양시동안구	부림동	37.395925	126.961567	60	123	1744
4117357000	경기도	안양시동안구	평촌동	37.386583	126.975775	60	123	1745
4117357600	경기도	안양시동안구	평안동	37.387592	126.966344	60	123	1746
4117357800	경기도	안양시동안구	귀인동	37.382694	126.971533	60	123	1747
4117358000	경기도	안양시동안구	호계1동	37.368083	126.960342	60	122	1748
4117359000	경기도	안양시동안구	호계2동	37.378406	126.954664	59	123	1749
4117360000	경기도	안양시동안구	호계3동	37.364672	126.960922	60	122	1750
4117361000	경기도	안양시동안구	범계동	37.386947	126.954589	59	123	1751
4117362000	경기도	안양시동안구	신촌동	37.379178	126.958486	60	123	1752
4117363000	경기도	안양시동안구	갈산동	37.373339	126.968242	60	123	1753
4119200000	경기도	부천시원미구		37.496593	126.786997	57	125	1754
4119251000	경기도	부천시원미구	심곡1동	37.49092	126.780588	56	125	1755
4119252000	경기도	부천시원미구	심곡2동	37.487375	126.78704	57	125	1756
4119253000	경기도	부천시원미구	심곡3동	37.487409	126.773859	56	125	1757
4119254000	경기도	부천시원미구	원미1동	37.494399	126.788702	57	125	1758
4119255000	경기도	부천시원미구	원미2동	37.491946	126.788271	57	125	1759
4119256000	경기도	부천시원미구	소사동	37.485882	126.794645	57	125	1760
4119257000	경기도	부천시원미구	역곡1동	37.489241	126.816691	57	125	1761
4119258000	경기도	부천시원미구	역곡2동	37.48608	126.806681	57	125	1762
4119259000	경기도	부천시원미구	춘의동	37.502688	126.785903	57	125	1763
4119260000	경기도	부천시원미구	도당동	37.516259	126.785917	57	126	1764
4119261000	경기도	부천시원미구	약대동	37.513299	126.771315	56	126	1765
4119262000	경기도	부천시원미구	중동	37.487808	126.768184	56	125	1766
4119263000	경기도	부천시원미구	중1동	37.497852	126.771441	56	125	1767
4119264000	경기도	부천시원미구	중2동	37.493975	126.769887	56	125	1768
4119265000	경기도	부천시원미구	중3동	37.503744	126.778051	56	125	1769
4119266000	경기도	부천시원미구	중4동	37.506029	126.76258	56	125	1770
4119267000	경기도	부천시원미구	상동	37.494898	126.760795	56	125	1771
4119268000	경기도	부천시원미구	상1동	37.49181	126.753155	56	125	1772
4119269000	경기도	부천시원미구	상2동	37.500539	126.75439	56	125	1773
4119270000	경기도	부천시원미구	상3동	37.508192	126.751035	56	125	1774
4119400000	경기도	부천시소사구		37.480039	126.799941	57	125	1775
4119451000	경기도	부천시소사구	심곡본1동	37.482452	126.778956	56	125	1776
4119452000	경기도	부천시소사구	심곡본동	37.480704	126.780032	56	125	1777
4119453000	경기도	부천시소사구	소사본동	37.476219	126.792154	57	125	1778
4119454000	경기도	부천시소사구	소사본1동	37.472841	126.798044	57	125	1779
4119455000	경기도	부천시소사구	범박동	37.470594	126.809745	57	125	1780
4119456000	경기도	부천시소사구	옥길동	37.466911	126.82257	57	125	1781
4119457000	경기도	부천시소사구	괴안동	37.47839	126.806882	57	125	1782
4119458000	경기도	부천시소사구	역곡3동	37.482597	126.810237	57	125	1783
4119459000	경기도	부천시소사구	송내1동	37.48407	126.756101	56	125	1784
4119460000	경기도	부천시소사구	송내2동	37.482542	126.769603	56	125	1785
4119600000	경기도	부천시오정구		37.528348	126.795813	57	126	1786
4119651000	경기도	부천시오정구	성곡동	37.516673	126.803511	57	126	1787
4119652000	경기도	부천시오정구	원종1동	37.525948	126.805458	57	126	1788
4119653000	경기도	부천시오정구	원종2동	37.525155	126.799139	57	126	1789
4119654000	경기도	부천시오정구	고강본동	37.527046	126.824851	57	126	1790
4119655000	경기도	부천시오정구	고강1동	37.529461	126.812011	57	126	1791
4119656000	경기도	부천시오정구	오정동	37.528846	126.790738	57	126	1792
4119657000	경기도	부천시오정구	신흥동	37.520437	126.773324	56	126	1793
4121000000	경기도	광명시		37.47575	126.866708	58	125	1794
4121051000	경기도	광명시	광명1동	37.485819	126.864722	58	125	1795
4121052000	경기도	광명시	광명2동	37.480558	126.857989	58	125	1796
4121054000	경기도	광명시	광명3동	37.4774	126.859	58	125	1797
4121055000	경기도	광명시	광명4동	37.474292	126.858422	58	125	1798
4121056000	경기도	광명시	광명5동	37.475967	126.849264	58	125	1799
4121057000	경기도	광명시	광명6동	37.468847	126.851067	58	125	1800
4121058000	경기도	광명시	광명7동	37.466533	126.855644	58	125	1801
4121059000	경기도	광명시	철산1동	37.488022	126.869956	58	125	1802
4121060000	경기도	광명시	철산2동	37.481875	126.868708	58	125	1803
4121061000	경기도	광명시	철산3동	37.478094	126.872433	58	125	1804
4121062000	경기도	광명시	철산4동	37.471278	126.8666	58	125	1805
4121063100	경기도	광명시	하안1동	37.462339	126.871242	58	124	1806
4121063200	경기도	광명시	하안2동	37.461914	126.876853	58	124	1807
4121063300	경기도	광명시	하안3동	37.455942	126.883775	58	124	1808
4121063400	경기도	광명시	하안4동	37.462928	126.879867	58	124	1809
4121064000	경기도	광명시	소하1동	37.445819	126.887508	58	124	1810
4121065000	경기도	광명시	소하2동	37.437444	126.879819	58	124	1811
4121065500	경기도	광명시	일직동	37.41864	126.88285	58	123	1812
4121066000	경기도	광명시	학온동	37.412861	126.853422	58	123	1813
4122000000	경기도	평택시		36.989439	127.114656	62	114	1814
4122025000	경기도	평택시	팽성읍	36.962372	127.064467	61	114	1815
4122025300	경기도	평택시	안중읍	36.982853	126.933808	59	114	1816
4122025600	경기도	평택시	포승읍	36.980047	126.887456	58	114	1817
4122025900	경기도	평택시	청북읍	37.037083	126.9361	59	115	1818
4122031000	경기도	평택시	진위면	37.09725	127.092956	62	117	1819
4122032000	경기도	평택시	서탄면	37.1054	127.037419	61	117	1820
4122033000	경기도	평택시	고덕면	37.039436	127.0198	61	115	1821
4122034000	경기도	평택시	오성면	37.004839	126.982644	60	115	1822
4122037000	경기도	평택시	현덕면	36.964483	126.923633	59	114	1823
4122051000	경기도	평택시	중앙동	37.052514	127.058097	61	116	1824
4122052000	경기도	평택시	서정동	37.063328	127.057922	61	116	1825
4122053500	경기도	평택시	송탄동	37.039767	127.088389	62	115	1826
4122055000	경기도	평택시	지산동	37.074844	127.059731	61	116	1827
4122056000	경기도	평택시	송북동	37.078753	127.062367	61	116	1828
4122057000	경기도	평택시	신장1동	37.079797	127.0554	61	116	1829
4122058000	경기도	평택시	신장2동	37.073589	127.054556	61	116	1830
4122059000	경기도	평택시	신평동	36.987197	127.094753	62	114	1831
4122060000	경기도	평택시	원평동	36.986481	127.082611	62	114	1832
4122061000	경기도	평택시	통복동	36.998014	127.089453	62	114	1833
4122062000	경기도	평택시	비전1동	36.997683	127.097319	62	114	1834
4122063000	경기도	평택시	비전2동	36.993233	127.105319	62	114	1835
4122063500	경기도	평택시	용이동	36.997712	127.133071	63	114	1836
4122064000	경기도	평택시	세교동	36.997103	127.084533	62	114	1837
4122065000	경기도	평택시	동삭동	37.015215	127.103462	62	115	1838
4122066000	경기도	평택시	고덕동	37.040534	127.050413	61	115	1839
4125000000	경기도	동두천시		37.900917	127.062653	61	134	1840
4125051000	경기도	동두천시	생연1동	37.904692	127.068242	61	134	1841
4125052000	경기도	동두천시	생연2동	37.898839	127.051111	61	134	1842
4125053500	경기도	동두천시	중앙동	37.904992	127.055308	61	134	1843
4125055000	경기도	동두천시	보산동	37.914908	127.063431	61	134	1844
4125056500	경기도	동두천시	불현동	37.895803	127.064664	61	134	1845
4125056600	경기도	동두천시	송내동	37.887561	127.056633	61	134	1846
4125058000	경기도	동두천시	소요동	37.926697	127.059208	61	135	1847
4125060000	경기도	동두천시	상패동	37.903208	127.046778	61	134	1848
4127100000	경기도	안산시상록구		37.298519	126.846819	58	121	1849
4127151000	경기도	안산시상록구	일동	37.312625	126.873797	58	121	1850
4127151500	경기도	안산시상록구	이동	37.302739	126.862767	58	121	1851
4127152500	경기도	안산시상록구	사동	37.297033	126.851013	58	121	1852
4127153200	경기도	안산시상록구	사이동	37.289761	126.851873	58	121	1853
4127153700	경기도	안산시상록구	해양동	37.294755	126.820049	57	121	1854
4127154000	경기도	안산시상록구	본오1동	37.286408	126.866586	58	121	1855
4127155000	경기도	안산시상록구	본오2동	37.293458	126.874331	58	121	1856
4127156000	경기도	안산시상록구	본오3동	37.298492	126.865842	58	121	1857
4127157000	경기도	안산시상록구	부곡동	37.329136	126.863178	58	122	1858
4127158000	경기도	안산시상록구	월피동	37.330697	126.858756	58	122	1859
4127159000	경기도	안산시상록구	성포동	37.3179	126.851519	58	121	1860
4127160000	경기도	안산시상록구	반월동	37.303189	126.904331	59	121	1861
4127161000	경기도	안산시상록구	안산동	37.3589	126.875422	58	122	1862
4127300000	경기도	안산시단원구		37.316728	126.814419	57	121	1863
4127351000	경기도	안산시단원구	와동	37.338614	126.827597	57	122	1864
4127352500	경기도	안산시단원구	고잔동	37.327149	126.819066	57	122	1865
4127353200	경기도	안산시단원구	중앙동	37.32373	126.837621	57	121	1866
4127353500	경기도	안산시단원구	호수동	37.307539	126.8266	57	121	1867
4127354500	경기도	안산시단원구	원곡동	37.333283	126.790768	57	122	1868
4127355500	경기도	안산시단원구	백운동	37.331584	126.801759	57	122	1869
4127356500	경기도	안산시단원구	신길동	37.330287	126.786115	57	122	1870
4127357000	경기도	안산시단원구	초지동	37.321972	126.810667	57	121	1871
4127358000	경기도	안산시단원구	선부1동	37.331408	126.806389	57	122	1872
4127359000	경기도	안산시단원구	선부2동	37.335742	126.804722	57	122	1873
4127360000	경기도	안산시단원구	선부3동	37.342192	126.814622	57	122	1874
4127361000	경기도	안산시단원구	대부동	37.240881	126.587286	53	120	1875
4128100000	경기도	고양시덕양구		37.634583	126.834197	57	128	1876
4128151000	경기도	고양시덕양구	주교동	37.656678	126.831722	57	129	1877
4128152000	경기도	고양시덕양구	원신동	37.674725	126.878086	58	129	1878
4128153000	경기도	고양시덕양구	흥도동	37.642153	126.8565	58	128	1879
4128154000	경기도	고양시덕양구	성사1동	37.651689	126.843486	57	129	1880
4128155000	경기도	고양시덕양구	성사2동	37.650139	126.835056	57	128	1881
4128156000	경기도	고양시덕양구	효자동	37.649022	126.922678	59	128	1882
4128157600	경기도	고양시덕양구	삼송1동	37.652573	126.893748	58	129	1883
4128157700	경기도	고양시덕양구	삼송2동	37.650761	126.870152	58	129	1884
4128158000	경기도	고양시덕양구	창릉동	37.642781	126.889067	58	128	1885
4128159000	경기도	고양시덕양구	고양동	37.700547	126.905944	59	130	1886
4128160000	경기도	고양시덕양구	관산동	37.685231	126.864678	58	129	1887
4128161000	경기도	고양시덕양구	능곡동	37.622303	126.819419	57	128	1888
4128162100	경기도	고양시덕양구	화정1동	37.641808	126.835619	57	128	1889
4128162200	경기도	고양시덕양구	화정2동	37.627747	126.837964	57	128	1890
4128163000	경기도	고양시덕양구	행주동	37.615594	126.827456	57	128	1891
4128164000	경기도	고양시덕양구	행신1동	37.619492	126.838011	57	128	1892
4128165000	경기도	고양시덕양구	행신2동	37.612303	126.835122	57	128	1893
4128165500	경기도	고양시덕양구	행신3동	37.623753	126.840922	57	128	1894
4128165600	경기도	고양시덕양구	행신4동	37.618558	126.845031	58	128	1895
4128166000	경기도	고양시덕양구	화전동	37.597286	126.874731	58	127	1896
4128167000	경기도	고양시덕양구	대덕동	37.582661	126.877419	58	127	1897
4128500000	경기도	고양시일산동구		37.655908	126.777056	56	129	1898
4128551000	경기도	고양시일산동구	식사동	37.671192	126.812097	57	129	1899
4128552500	경기도	고양시일산동구	중산1동	37.691794	126.780434	56	129	1900
4128552600	경기도	고양시일산동구	중산2동	37.67446	126.785982	56	129	1901
4128553000	경기도	고양시일산동구	정발산동	37.669664	126.781953	56	129	1902
4128554000	경기도	고양시일산동구	풍산동	37.661272	126.802	57	129	1903
4128555100	경기도	고양시일산동구	백석1동	37.646875	126.794575	57	128	1904
4128555200	경기도	고양시일산동구	백석2동	37.640142	126.788856	57	128	1905
4128556000	경기도	고양시일산동구	마두1동	37.653033	126.791864	57	129	1906
4128557000	경기도	고양시일산동구	마두2동	37.650803	126.786567	56	128	1907
4128558000	경기도	고양시일산동구	장항1동	37.638822	126.772564	56	128	1908
4128559000	경기도	고양시일산동구	장항2동	37.647094	126.7804	56	128	1909
4128560000	경기도	고양시일산동구	고봉동	37.699108	126.829311	57	130	1910
4128700000	경기도	고양시일산서구		37.672486	126.752778	56	129	1911
4128751000	경기도	고양시일산서구	일산1동	37.68435	126.770667	56	129	1912
4128752000	경기도	고양시일산서구	일산2동	37.681797	126.779353	56	129	1913
4128753000	경기도	고양시일산서구	일산3동	37.674186	126.772344	56	129	1914
4128754500	경기도	고양시일산서구	탄현1동	37.694325	126.768419	56	129	1915
4128754600	경기도	고양시일산서구	탄현2동	37.702175	126.767663	56	130	1916
4128755000	경기도	고양시일산서구	주엽1동	37.667331	126.765442	56	129	1917
4128756000	경기도	고양시일산서구	주엽2동	37.671278	126.762467	56	129	1918
4128757000	경기도	고양시일산서구	대화동	37.680153	126.757222	56	129	1919
4128758000	경기도	고양시일산서구	송포동	37.6687	126.737611	56	129	1920
4128760000	경기도	고양시일산서구	덕이동	37.690913	126.754305	56	129	1921
4128761000	경기도	고양시일산서구	가좌동	37.684503	126.720931	55	129	1922
4129000000	경기도	과천시		37.426372	126.9898	60	124	1923
4129051000	경기도	과천시	중앙동	37.433286	126.9948	60	124	1924
4129051500	경기도	과천시	원문동	37.419376	126.98913	60	124	1925
4129052000	경기도	과천시	갈현동	37.4147	126.979399	60	123	1926
4129053000	경기도	과천시	별양동	37.421436	126.995889	60	124	1927
4129054000	경기도	과천시	부림동	37.430697	127.000667	60	124	1928
4129055000	경기도	과천시	과천동	37.445558	126.997531	60	124	1929
4129056000	경기도	과천시	문원동	37.427294	127.004567	60	124	1930
4131000000	경기도	구리시		37.591625	127.131864	62	127	1931
4131051000	경기도	구리시	갈매동	37.632283	127.118375	62	128	1932
4131052000	경기도	구리시	동구동	37.608994	127.1415	63	128	1933
4131053000	경기도	구리시	인창동	37.601714	127.137108	63	128	1934
4131054100	경기도	구리시	교문1동	37.598425	127.129886	62	127	1935
4131054200	경기도	구리시	교문2동	37.584222	127.136378	63	127	1936
4131057000	경기도	구리시	수택1동	37.5937	127.151289	63	127	1937
4131058000	경기도	구리시	수택2동	37.590419	127.142156	63	127	1938
4131059000	경기도	구리시	수택3동	37.589031	127.143086	63	127	1939
4136000000	경기도	남양주시		37.633178	127.218633	64	128	1940
4136025000	경기도	남양주시	와부읍	37.585003	127.213308	64	127	1941
4136025300	경기도	남양주시	진접읍	37.723614	127.191967	63	130	1942
4136025600	경기도	남양주시	화도읍	37.649619	127.310833	65	129	1943
4136025900	경기도	남양주시	진건읍	37.654144	127.181553	63	129	1944
4136026200	경기도	남양주시	오남읍	37.696175	127.206667	64	130	1945
4136026500	경기도	남양주시	퇴계원읍	37.646583	127.146722	63	128	1946
4136031000	경기도	남양주시	별내면	37.661408	127.120544	62	129	1947
4136034000	경기도	남양주시	수동면	37.700783	127.328233	66	130	1948
4136036000	경기도	남양주시	조안면	37.533067	127.305544	65	126	1949
4136051000	경기도	남양주시	호평동	37.651747	127.251133	64	129	1950
4136052000	경기도	남양주시	평내동	37.645697	127.238178	64	128	1951
4136053000	경기도	남양주시	금곡동	37.629283	127.207889	64	128	1952
4136054000	경기도	남양주시	양정동	37.613528	127.189278	63	128	1953
4136054500	경기도	남양주시	다산1동	37.604431	127.161044	63	128	1954
4136056500	경기도	남양주시	다산2동	37.606597	127.170597	63	128	1955
4136057000	경기도	남양주시	별내동	37.646161	127.121868	62	128	1956
4137000000	경기도	오산시		37.146914	127.079642	62	118	1957
4137051000	경기도	오산시	중앙동	37.146383	127.072644	62	118	1958
4137052300	경기도	오산시	대원1동	37.138651	127.071759	62	117	1959
4137052600	경기도	오산시	대원2동	37.132042	127.079028	62	117	1960
4137053000	경기도	오산시	남촌동	37.15175	127.065531	61	118	1961
4137054300	경기도	오산시	신장1동	37.17664	127.054555	61	118	1962
4137054600	경기도	오산시	신장2동	37.169762	127.065421	61	118	1963
4137055000	경기도	오산시	세마동	37.183872	127.040464	61	118	1964
4137056000	경기도	오산시	초평동	37.137008	127.042733	61	117	1965
4139000000	경기도	시흥시		37.377319	126.805078	57	123	1966
4139051000	경기도	시흥시	대야동	37.440236	126.790597	57	124	1967
4139052000	경기도	시흥시	신천동	37.435578	126.787131	57	124	1968
4139053100	경기도	시흥시	신현동	37.403353	126.786722	57	123	1969
4139054000	경기도	시흥시	은행동	37.433503	126.800078	57	124	1970
4139055000	경기도	시흥시	매화동	37.414856	126.817678	57	123	1971
4139057000	경기도	시흥시	목감동	37.381722	126.859419	58	123	1972
4139058100	경기도	시흥시	군자동	37.337097	126.787156	57	122	1973
4139058200	경기도	시흥시	월곶동	37.388583	126.739794	56	123	1974
4139058900	경기도	시흥시	정왕본동	37.3425	126.750244	56	122	1975
4139059100	경기도	시흥시	정왕1동	37.337183	126.745978	56	122	1976
4139059200	경기도	시흥시	정왕2동	37.348186	126.730922	56	122	1977
4139059300	경기도	시흥시	정왕3동	37.354925	126.728389	56	122	1978
4139059400	경기도	시흥시	정왕4동	37.362756	126.734453	56	122	1979
4139059600	경기도	시흥시	배곧1동	37.3717	126.7357	56	122	1980
4139059700	경기도	시흥시	배곧2동	37.368358	126.73089	56	122	1981
4139062100	경기도	시흥시	과림동	37.434006	126.834956	57	124	1982
4139063000	경기도	시흥시	연성동	37.378825	126.805556	57	123	1983
4139063100	경기도	시흥시	장곡동	37.379564	126.783339	57	123	1984
4139064000	경기도	시흥시	능곡동	37.366318	126.815846	57	122	1985
4139065000	경기도	시흥시	거북섬동	37.321064	126.683665	55	121	1986
4141000000	경기도	군포시		37.358658	126.9375	59	122	1987
4141051000	경기도	군포시	군포1동	37.350811	126.947578	59	122	1988
4141052000	경기도	군포시	군포2동	37.343606	126.945153	59	122	1989
4141054000	경기도	군포시	산본1동	37.370533	126.940619	59	122	1990
4141055000	경기도	군포시	산본2동	37.367197	126.934811	59	122	1991
4141056000	경기도	군포시	금정동	37.362556	126.941378	59	122	1992
4141057000	경기도	군포시	재궁동	37.355697	126.941175	59	122	1993
4141058000	경기도	군포시	오금동	37.348214	126.931642	59	122	1994
4141059000	경기도	군포시	수리동	37.353214	126.923133	59	122	1995
4141060000	경기도	군포시	궁내동	37.356808	126.923897	59	122	1996
4141061000	경기도	군포시	대야동	37.327442	126.917456	59	122	1997
4141062000	경기도	군포시	광정동	37.359239	126.930031	59	122	1998
4141063000	경기도	군포시	송부동	37.3162	126.9238	59	121	1999
4143000000	경기도	의왕시		37.34195	126.970389	60	122	2000
4143051000	경기도	의왕시	고천동	37.345069	126.977975	60	122	2001
4143052000	경기도	의왕시	부곡동	37.315881	126.958911	60	121	2002
4143053000	경기도	의왕시	오전동	37.350694	126.973642	60	122	2003
4143054000	경기도	의왕시	내손1동	37.383928	126.977333	60	123	2004
4143055000	경기도	의왕시	내손2동	37.383944	126.983111	60	123	2005
4143056000	경기도	의왕시	청계동	37.385758	126.998056	60	123	2006
4145000000	경기도	하남시		37.536497	127.217	64	126	2007
4145051000	경기도	하남시	천현동	37.516453	127.226189	64	126	2008
4145052000	경기도	하남시	신장1동	37.53595	127.211722	64	126	2009
4145053000	경기도	하남시	신장2동	37.538917	127.216133	64	126	2010
4145054000	경기도	하남시	덕풍1동	37.530722	127.202697	64	126	2011
4145055000	경기도	하남시	덕풍2동	37.539475	127.200253	64	126	2012
4145056000	경기도	하남시	덕풍3동	37.541044	127.208864	64	126	2013
4145058000	경기도	하남시	감북동	37.513431	127.163878	63	126	2014
4145058200	경기도	하남시	감일동	37.509158	127.158329	63	126	2015
4145058500	경기도	하남시	위례동	37.477164	127.152502	63	125	2016
4145059000	경기도	하남시	춘궁동	37.519406	127.1962	64	126	2017
4145060000	경기도	하남시	초이동	37.533719	127.172908	63	126	2018
4145061000	경기도	하남시	미사1동	37.566356	127.196067	64	127	2019
4145062000	경기도	하남시	미사2동	37.567044	127.185914	63	127	2020
4145063000	경기도	하남시	미사3동	37.549019	127.185065	63	126	2021
4146100000	경기도	용인시처인구		37.231478	127.203844	64	119	2022
4146125000	경기도	용인시처인구	포곡읍	37.275061	127.232942	64	120	2023
4146125300	경기도	용인시처인구	모현읍	37.32665	127.244597	64	122	2024
4146125600	경기도	용인시처인구	이동읍	37.138197	127.1983	64	117	2025
4146125900	경기도	용인시처인구	남사읍	37.112886	127.152697	63	117	2026
4146126200	경기도	용인시처인구	양지읍	37.235485	127.279851	65	120	2027
4146134000	경기도	용인시처인구	원삼면	37.163519	127.315122	66	118	2028
4146135000	경기도	용인시처인구	백암면	37.160514	127.377556	67	118	2029
4146151000	경기도	용인시처인구	중앙동	37.231256	127.207442	64	119	2030
4146152500	경기도	용인시처인구	역북동	37.234558	127.188142	64	120	2031
4146152600	경기도	용인시처인구	삼가동	37.249438	127.165853	63	120	2032
4146153500	경기도	용인시처인구	유림1동	37.252449	127.211683	64	120	2033
4146153600	경기도	용인시처인구	유림2동	37.247675	127.221796	64	120	2034
4146154000	경기도	용인시처인구	동부동	37.230028	127.221467	64	119	2035
4146300000	경기도	용인시기흥구		37.277597	127.116789	62	120	2036
4146351000	경기도	용인시기흥구	신갈동	37.269722	127.109019	62	120	2037
4146351600	경기도	용인시기흥구	영덕1동	37.277556	127.073782	62	120	2038
4146351700	경기도	용인시기흥구	영덕2동	37.266545	127.08963	62	120	2039
4146352000	경기도	용인시기흥구	구갈동	37.269983	127.129433	63	120	2040
4146353000	경기도	용인시기흥구	상갈동	37.258936	127.107386	62	120	2041
4146353500	경기도	용인시기흥구	보라동	37.253946	127.106121	62	120	2042
4146354000	경기도	용인시기흥구	기흥동	37.240289	127.104942	62	120	2043
4146355000	경기도	용인시기흥구	서농동	37.244006	127.0757	62	120	2044
4146356000	경기도	용인시기흥구	구성동	37.293978	127.121119	62	121	2045
4146357000	경기도	용인시기흥구	마북동	37.301131	127.125556	62	121	2046
4146357200	경기도	용인시기흥구	동백1동	37.277073	127.128359	63	120	2047
4146357500	경기도	용인시기흥구	동백2동	37.277138	127.128359	63	120	2048
4146357700	경기도	용인시기흥구	동백3동	37.28116	127.147386	63	121	2049
4146358600	경기도	용인시기흥구	상하동	37.271575	127.143111	63	120	2050
4146359000	경기도	용인시기흥구	보정동	37.316739	127.116511	62	121	2051
4146500000	경기도	용인시수지구		37.319386	127.100097	62	121	2052
4146551000	경기도	용인시수지구	풍덕천1동	37.325122	127.097156	62	121	2053
4146552000	경기도	용인시수지구	풍덕천2동	37.316581	127.090897	62	121	2054
4146553000	경기도	용인시수지구	신봉동	37.322381	127.075464	62	121	2055
4146554000	경기도	용인시수지구	죽전1동	37.328194	127.115922	62	122	2056
4146555000	경기도	용인시수지구	죽전2동	37.332042	127.111622	62	122	2057
4146555500	경기도	용인시수지구	죽전3동	37.327989	127.114182	62	122	2058
4146556000	경기도	용인시수지구	동천동	37.338872	127.101153	62	122	2059
4146557000	경기도	용인시수지구	상현1동	37.301833	127.083308	62	121	2060
4146558000	경기도	용인시수지구	상현2동	37.306633	127.088086	62	121	2061
4146558500	경기도	용인시수지구	상현3동	37.299607	127.072718	62	121	2062
4146559000	경기도	용인시수지구	성복동	37.310331	127.083233	62	121	2063
4148000000	경기도	파주시		37.757083	126.781953	56	131	2064
4148025000	경기도	파주시	문산읍	37.850228	126.7862	56	133	2065
4148025300	경기도	파주시	파주읍	37.830236	126.818619	57	132	2066
4148025600	경기도	파주시	법원읍	37.846364	126.884575	58	133	2067
4148026200	경기도	파주시	조리읍	37.742044	126.807067	57	130	2068
4148031000	경기도	파주시	월롱면	37.793267	126.792353	57	132	2069
4148032000	경기도	파주시	탄현면	37.799717	126.718289	55	132	2070
4148035000	경기도	파주시	광탄면	37.773233	126.853308	58	131	2071
4148036000	경기도	파주시	파평면	37.91925	126.840131	57	134	2072
4148037000	경기도	파주시	적성면	37.951714	126.919853	59	135	2073
4148039000	경기도	파주시	장단면	37.871583	126.710753	55	133	2074
4148051000	경기도	파주시	금촌1동	37.763517	126.778186	56	131	2075
4148052000	경기도	파주시	금촌2동	37.748839	126.779475	56	131	2076
4148053000	경기도	파주시	금촌3동	37.771451	126.778369	56	131	2077
4148054000	경기도	파주시	교하동	37.753024	126.746911	56	131	2078
4148055000	경기도	파주시	운정1동	37.724181	126.751262	56	130	2079
4148056000	경기도	파주시	운정2동	37.723969	126.751558	56	130	2080
4148057000	경기도	파주시	운정3동	37.724187	126.751263	56	130	2081
4148058000	경기도	파주시	운정4동	37.718998	126.768705	56	130	2082
4148059000	경기도	파주시	운정5동	37.720269	126.710798	55	130	2083
4148060000	경기도	파주시	운정6동	37.712646	126.720437	55	130	2084
4150000000	경기도	이천시		37.275436	127.443219	68	121	2085
4150025000	경기도	이천시	장호원읍	37.112058	127.618953	71	117	2086
4150025300	경기도	이천시	부발읍	37.280833	127.488889	69	121	2087
4150031000	경기도	이천시	신둔면	37.303458	127.406175	67	121	2088
4150032000	경기도	이천시	백사면	37.336192	127.492908	69	122	2089
4150033000	경기도	이천시	호법면	37.220322	127.427022	68	119	2090
4150034000	경기도	이천시	마장면	37.246111	127.360233	66	120	2091
4150035000	경기도	이천시	대월면	37.227042	127.4945	69	119	2092
4150036000	경기도	이천시	모가면	37.168858	127.482286	69	118	2093
4150037000	경기도	이천시	설성면	37.129664	127.524011	69	117	2094
4150038000	경기도	이천시	율면	37.091428	127.548544	70	117	2095
4150051000	경기도	이천시	창전동	37.280064	127.443242	68	121	2096
4150051500	경기도	이천시	증포동	37.287539	127.454753	68	121	2097
4150052000	경기도	이천시	중리동	37.275386	127.4441	68	121	2098
4150053000	경기도	이천시	관고동	37.279797	127.442733	68	121	2099
4155000000	경기도	안성시		37.005175	127.281844	65	115	2100
4155025000	경기도	안성시	공도읍	36.995872	127.173889	63	114	2101
4155031000	경기도	안성시	보개면	37.020256	127.293086	65	115	2102
4155032000	경기도	안성시	금광면	36.994292	127.319753	66	114	2103
4155033000	경기도	안성시	서운면	36.9402	127.261389	65	113	2104
4155034000	경기도	안성시	미양면	36.972417	127.217408	64	114	2105
4155035000	경기도	안성시	대덕면	37.009553	127.239975	64	115	2106
4155036000	경기도	안성시	양성면	37.056975	127.196675	64	116	2107
4155038000	경기도	안성시	원곡면	37.036881	127.131642	63	115	2108
4155039000	경기도	안성시	일죽면	37.087658	127.479264	69	116	2109
4155040000	경기도	안성시	죽산면	37.075706	127.424508	68	116	2110
4155041000	경기도	안성시	삼죽면	37.070169	127.376953	67	116	2111
4155042000	경기도	안성시	고삼면	37.079872	127.265464	65	116	2112
4155051000	경기도	안성시	안성1동	37.002822	127.276397	65	115	2113
4155052000	경기도	안성시	안성2동	36.997739	127.272197	65	114	2114
4155053000	경기도	안성시	안성3동	37.011306	127.259875	65	115	2115
4157000000	경기도	김포시		37.612458	126.717778	55	128	2116
4157025000	경기도	김포시	통진읍	37.68895	126.599378	53	129	2117
4157025300	경기도	김포시	고촌읍	37.603868	126.772777	56	127	2118
4157025600	경기도	김포시	양촌읍	37.657464	126.625369	54	129	2119
4157034000	경기도	김포시	대곶면	37.646367	126.583931	53	128	2120
4157035000	경기도	김포시	월곶면	37.714264	126.554678	53	130	2121
4157036000	경기도	김포시	하성면	37.717372	126.633342	54	130	2122
4157051500	경기도	김포시	김포본동	37.624639	126.707744	55	128	2123
4157052500	경기도	김포시	장기본동	37.649647	126.673944	55	128	2124
4157054000	경기도	김포시	사우동	37.616539	126.719133	55	128	2125
4157055000	경기도	김포시	풍무동	37.602025	126.725911	55	127	2126
4157056000	경기도	김포시	장기동	37.63973	126.671338	55	128	2127
4157057000	경기도	김포시	구래동	37.646461	126.623716	54	128	2128
4157057500	경기도	김포시	마산동	37.641265	126.643823	54	128	2129
4157058000	경기도	김포시	운양동	37.651661	126.683708	55	129	2130
4159100000	경기도	화성시만세구		37.137701	126.925662	59	117	2131
4159125000	경기도	화성시만세구	우정읍	37.089833	126.815296	57	116	2132
4159125300	경기도	화성시만세구	향남읍	37.132436	126.920347	59	117	2133
4159125600	경기도	화성시만세구	남양읍	37.193023	126.821321	57	119	2134
4159131000	경기도	화성시만세구	마도면	37.205479	126.769637	56	119	2135
4159132000	경기도	화성시만세구	송산면	37.217812	126.739162	56	119	2136
4159133000	경기도	화성시만세구	서신면	37.166575	126.708728	55	118	2137
4159134000	경기도	화성시만세구	팔탄면	37.162263	126.904858	59	118	2138
4159135000	경기도	화성시만세구	장안면	37.079765	126.831323	57	116	2139
4159136000	경기도	화성시만세구	양감면	37.081565	126.945491	59	116	2140
4159151000	경기도	화성시만세구	새솔동	37.281283	126.818682	57	120	2141
4159300000	경기도	화성시효행구		37.209185	126.959146	60	119	2142
4159325000	경기도	화성시효행구	봉담읍	37.220073	126.949538	59	119	2143
4159331000	경기도	화성시효행구	매송면	37.25234	126.909115	59	120	2144
4159332000	경기도	화성시효행구	비봉면	37.235171	126.87339	58	120	2145
4159333000	경기도	화성시효행구	정남면	37.160162	126.971047	60	118	2146
4159351000	경기도	화성시효행구	기배동	37.224394	126.984673	60	119	2147
4159500000	경기도	화성시병점구		37.20875	127.035903	61	119	2148
4159551000	경기도	화성시병점구	진안동	37.213327	127.03495	61	119	2149
4159552000	경기도	화성시병점구	병점1동	37.20687	127.037265	61	119	2150
4159553000	경기도	화성시병점구	병점2동	37.211482	127.043015	61	119	2151
4159554000	경기도	화성시병점구	반월동	37.233081	127.060585	61	119	2152
4159555000	경기도	화성시병점구	화산동	37.206035	127.014825	61	119	2153
4159700000	경기도	화성시동탄구		37.197238	127.09687	62	119	2154
4159751000	경기도	화성시동탄구	동탄1동	37.20653	127.071902	62	119	2155
4159752000	경기도	화성시동탄구	동탄2동	37.196857	127.072385	62	119	2156
4159753000	경기도	화성시동탄구	동탄3동	37.209882	127.058899	61	119	2157
4159754000	경기도	화성시동탄구	동탄4동	37.199675	127.112409	62	119	2158
4159755000	경기도	화성시동탄구	동탄5동	37.21025	127.103995	62	119	2159
4159756000	경기도	화성시동탄구	동탄6동	37.191526	127.090218	62	119	2160
4159757000	경기도	화성시동탄구	동탄7동	37.170562	127.110455	62	118	2161
4159758000	경기도	화성시동탄구	동탄8동	37.162315	127.105255	62	118	2162
4159759000	경기도	화성시동탄구	동탄9동	37.180656	127.138374	63	118	2163
4161000000	경기도	광주시		37.414506	127.257786	65	123	2164
4161025300	경기도	광주시	초월읍	37.382747	127.290833	65	123	2165
4161025900	경기도	광주시	곤지암읍	37.345925	127.3462	66	122	2166
4161033000	경기도	광주시	도척면	37.301736	127.333333	66	121	2167
4161034000	경기도	광주시	퇴촌면	37.463875	127.309142	66	125	2168
4161035000	경기도	광주시	남종면	37.491533	127.304	65	125	2169
4161037000	경기도	광주시	남한산성면	37.460497	127.247022	64	124	2170
4161051000	경기도	광주시	경안동	37.408119	127.259467	65	123	2171
4161052000	경기도	광주시	송정동	37.42589	127.255924	65	124	2172
4161054000	경기도	광주시	쌍령동	37.399763	127.26912	65	123	2173
4161055000	경기도	광주시	탄벌동	37.419676	127.243887	64	124	2174
4161056000	경기도	광주시	광남1동	37.391953	127.227479	64	123	2175
4161057000	경기도	광주시	광남2동	37.388978	127.227622	64	123	2176
4161058000	경기도	광주시	오포1동	37.366153	127.228593	64	122	2177
4161059000	경기도	광주시	오포2동	37.377723	127.254642	65	123	2178
4161060000	경기도	광주시	신현동	37.35964	127.158843	63	122	2179
4161061000	경기도	광주시	능평동	37.349713	127.167275	63	122	2180
4163000000	경기도	양주시		37.78245	127.047819	61	131	2181
4163025000	경기도	양주시	백석읍	37.792253	126.987753	60	132	2182
4163031000	경기도	양주시	은현면	37.872225	127.026642	61	133	2183
4163032000	경기도	양주시	남면	37.895394	126.978844	60	134	2184
4163033000	경기도	양주시	광적면	37.821964	126.985833	60	132	2185
4163034000	경기도	양주시	장흥면	37.715097	126.943267	59	130	2186
4163051000	경기도	양주시	양주1동	37.770644	127.046153	61	131	2187
4163052000	경기도	양주시	양주2동	37.803494	127.098889	62	132	2188
4163053000	경기도	양주시	회천1동	37.841364	127.068242	61	133	2189
4163054000	경기도	양주시	회천2동	37.819675	127.0499	61	132	2190
4163055000	경기도	양주시	회천3동	37.8349	127.070911	61	133	2191
4163057000	경기도	양주시	옥정1동	37.837219	127.090121	62	133	2192
4163058000	경기도	양주시	옥정2동	37.821355	127.094324	62	132	2193
4165000000	경기도	포천시		37.892156	127.202419	64	134	2194
4165025000	경기도	포천시	소흘읍	37.820656	127.140708	63	132	2195
4165031000	경기도	포천시	군내면	37.886236	127.219597	64	134	2196
4165032000	경기도	포천시	내촌면	37.78345	127.2307	64	131	2197
4165033000	경기도	포천시	가산면	37.845767	127.188431	63	133	2198
4165034000	경기도	포천시	신북면	37.93115	127.228633	64	135	2199
4165035000	경기도	포천시	창수면	37.988978	127.191222	63	136	2200
4165036000	경기도	포천시	영중면	37.999775	127.245678	64	136	2201
4165037000	경기도	포천시	일동면	37.958569	127.319344	66	135	2202
4165038000	경기도	포천시	이동면	38.027936	127.369344	66	137	2203
4165039000	경기도	포천시	영북면	38.086358	127.277664	65	138	2204
4165040000	경기도	포천시	관인면	38.154978	127.253253	64	140	2205
4165041000	경기도	포천시	화현면	37.898361	127.290178	65	134	2206
4165051000	경기도	포천시	포천동	37.895358	127.202244	64	134	2207
4165052000	경기도	포천시	선단동	37.851408	127.161331	63	133	2208
4167000000	경기도	여주시		37.295358	127.639622	71	121	2209
4167025000	경기도	여주시	가남읍	37.198928	127.547244	70	119	2210
4167031000	경기도	여주시	점동면	37.203214	127.664731	72	119	2211
4167032000	경기도	여주시	흥천면	37.330214	127.543708	70	122	2212
4167033000	경기도	여주시	금사면	37.389831	127.535431	69	123	2213
4167034500	경기도	여주시	세종대왕면	37.30018	127.573488	70	121	2214
4167035000	경기도	여주시	대신면	37.372286	127.588675	70	123	2215
4167036000	경기도	여주시	북내면	37.326506	127.681142	72	122	2216
4167037000	경기도	여주시	강천면	37.270069	127.713667	73	120	2217
4167038000	경기도	여주시	산북면	37.398728	127.445111	68	123	2218
4167051000	경기도	여주시	여흥동	37.292153	127.642022	71	121	2219
4167052000	경기도	여주시	중앙동	37.298681	127.628975	71	121	2220
4167053000	경기도	여주시	오학동	37.309894	127.644311	71	121	2221
4180000000	경기도	연천군		38.093364	127.077067	61	138	2222
4180025000	경기도	연천군	연천읍	38.101469	127.077997	61	138	2223
4180025300	경기도	연천군	전곡읍	38.025317	127.065431	61	137	2224
4180031000	경기도	연천군	군남면	38.082556	127.021111	60	138	2225
4180032000	경기도	연천군	청산면	37.979136	127.0698	61	136	2226
4180033000	경기도	연천군	백학면	38.027592	126.9194	59	137	2227
4180034000	경기도	연천군	미산면	38.044883	126.994942	60	137	2228
4180035000	경기도	연천군	왕징면	38.056078	127.014933	60	137	2229
4180036000	경기도	연천군	신서면	38.180158	127.109067	62	140	2230
4180037000	경기도	연천군	중면	38.133164	127.021331	60	139	2231
4180038000	경기도	연천군	장남면	37.979042	126.886356	58	136	2232
4182000000	경기도	가평군		37.828831	127.511778	69	133	2233
4182025000	경기도	가평군	가평읍	37.822617	127.518689	69	132	2234
4182031000	경기도	가평군	설악면	37.67345	127.496819	69	129	2235
4182032500	경기도	가평군	청평면	37.737683	127.426344	67	131	2236
4182033000	경기도	가평군	상면	37.801922	127.358864	66	132	2237
4182034500	경기도	가평군	조종면	37.814819	127.3554	66	132	2238
4182035000	경기도	가평군	북면	37.882894	127.5524	70	134	2239
4183000000	경기도	양평군		37.488936	127.489886	69	125	2240
4183025000	경기도	양평군	양평읍	37.484011	127.496067	69	125	2241
4183031000	경기도	양평군	강상면	37.474394	127.487644	69	125	2242
4183032000	경기도	양평군	강하면	37.492156	127.412786	67	125	2243
4183033000	경기도	양평군	양서면	37.541147	127.328153	66	126	2244
4183034000	경기도	양평군	옥천면	37.515489	127.458267	68	126	2245
4183035000	경기도	양평군	서종면	37.603786	127.350808	66	128	2246
4183036000	경기도	양평군	단월면	37.535742	127.675097	72	126	2247
4183037000	경기도	양평군	청운면	37.553483	127.712922	72	127	2248
4183038000	경기도	양평군	양동면	37.416289	127.757	73	124	2249
4183039500	경기도	양평군	지평면	37.471667	127.641444	71	125	2250
4183040000	경기도	양평군	용문면	37.483908	127.597889	70	125	2251
4183041000	경기도	양평군	개군면	37.423164	127.538953	70	124	2252
4300000000	충청북도			36.6325	127.493586	69	107	2253
4311100000	충청북도	청주시상당구		36.583997	127.511731	69	106	2254
4311131000	충청북도	청주시상당구	낭성면	36.619672	127.606189	71	106	2255
4311132000	충청북도	청주시상당구	미원면	36.63325	127.660556	72	107	2256
4311133000	충청북도	청주시상당구	가덕면	36.550722	127.551011	70	105	2257
4311134000	충청북도	청주시상당구	남일면	36.583997	127.511731	69	106	2258
4311135000	충청북도	청주시상당구	문의면	36.514836	127.498356	69	104	2259
4311152500	충청북도	청주시상당구	중앙동	36.636922	127.490319	69	107	2260
4311154500	충청북도	청주시상당구	성안동	36.629569	127.493531	69	107	2261
4311162000	충청북도	청주시상당구	탑대성동	36.630281	127.498967	69	107	2262
4311167000	충청북도	청주시상당구	영운동	36.615142	127.500997	69	106	2263
4311168000	충청북도	청주시상당구	금천동	36.621608	127.501444	69	106	2264
4311169000	충청북도	청주시상당구	용담.명암.산성동	36.632225	127.505719	69	107	2265
4311172000	충청북도	청주시상당구	용암1동	36.605889	127.503411	69	106	2266
4311173000	충청북도	청주시상당구	용암2동	36.604142	127.510164	69	106	2267
4311200000	충청북도	청주시서원구		36.637261	127.483289	69	107	2268
4311231000	충청북도	청주시서원구	남이면	36.557506	127.435842	68	105	2269
4311232000	충청북도	청주시서원구	현도면	36.483614	127.426242	68	103	2270
4311251000	충청북도	청주시서원구	사직1동	36.637261	127.483289	69	107	2271
4311252000	충청북도	청주시서원구	사직2동	36.628769	127.475842	69	106	2272
4311253000	충청북도	청주시서원구	사창동	36.630672	127.460944	68	107	2273
4311254000	충청북도	청주시서원구	모충동	36.624806	127.478978	69	106	2274
4311255000	충청북도	청주시서원구	산남동	36.607278	127.480686	69	106	2275
4311256000	충청북도	청주시서원구	분평동	36.605825	127.490686	69	106	2276
4311257000	충청북도	청주시서원구	수곡1동	36.615375	127.482108	69	106	2277
4311258000	충청북도	청주시서원구	수곡2동	36.614428	127.474197	69	106	2278
4311259000	충청북도	청주시서원구	성화.개신.죽림동	36.614167	127.450089	68	106	2279
4311300000	충청북도	청주시흥덕구		36.6182	127.359419	67	106	2280
4311325000	충청북도	청주시흥덕구	오송읍	36.606314	127.326722	66	106	2281
4311331000	충청북도	청주시흥덕구	강내면	36.6182	127.359419	67	106	2282
4311332000	충청북도	청주시흥덕구	옥산면	36.661686	127.377753	67	107	2283
4311370000	충청북도	청주시흥덕구	운천.신봉동	36.645019	127.478797	69	107	2284
4311374100	충청북도	청주시흥덕구	복대1동	36.632606	127.434731	68	107	2285
4311374200	충청북도	청주시흥덕구	복대2동	36.623292	127.445956	68	106	2286
4311374700	충청북도	청주시흥덕구	가경동	36.625939	127.435097	68	106	2287
4311375100	충청북도	청주시흥덕구	봉명1동	36.637417	127.461567	68	107	2288
4311375600	충청북도	청주시흥덕구	봉명2.송정동	36.641783	127.459956	68	107	2289
4311376000	충청북도	청주시흥덕구	강서제1동	36.623778	127.427833	68	106	2290
4311377000	충청북도	청주시흥덕구	강서제2동	36.658528	127.430422	68	107	2291
4311400000	충청북도	청주시청원구		36.644306	127.487664	69	107	2292
4311425000	충청북도	청주시청원구	내수읍	36.720894	127.537778	70	109	2293
4311425300	충청북도	청주시청원구	오창읍	36.739431	127.456689	68	109	2294
4311431000	충청북도	청주시청원구	북이면	36.736583	127.5444	70	109	2295
4311451000	충청북도	청주시청원구	우암동	36.644306	127.487664	69	107	2296
4311452000	충청북도	청주시청원구	내덕1동	36.655369	127.484853	69	107	2297
4311453000	충청북도	청주시청원구	내덕2동	36.654492	127.494289	69	107	2298
4311454000	충청북도	청주시청원구	율량.사천동	36.663708	127.492531	69	107	2299
4311455000	충청북도	청주시청원구	오근장동	36.691297	127.483308	69	108	2300
4313000000	충청북도	충주시		36.988181	127.928144	76	114	2301
4313025000	충청북도	충주시	주덕읍	36.972769	127.797733	74	114	2302
4313031000	충청북도	충주시	살미면	36.9024	127.9666	77	113	2303
4313032500	충청북도	충주시	수안보면	36.844353	127.997	78	111	2304
4313033500	충청북도	충주시	대소원면	36.974933	127.820122	75	114	2305
4313035000	충청북도	충주시	신니면	36.992903	127.7387	73	114	2306
4313036000	충청북도	충주시	노은면	37.045272	127.756344	73	116	2307
4313037000	충청북도	충주시	앙성면	37.104769	127.755022	73	117	2308
4313038500	충청북도	충주시	중앙탑면	37.026117	127.859189	75	115	2309
4313039000	충청북도	충주시	금가면	37.040178	127.926633	76	116	2310
4313040000	충청북도	충주시	동량면	37.023381	127.965333	77	115	2311
4313041000	충청북도	충주시	산척면	37.073675	127.960319	77	116	2312
4313042000	충청북도	충주시	엄정면	37.083658	127.917264	76	117	2313
4313043000	충청북도	충주시	소태면	37.106939	127.849975	75	117	2314
4313051500	충청북도	충주시	성내.충인동	36.970508	127.936222	77	114	2315
4313053500	충청북도	충주시	교현.안림동	36.971939	127.937467	77	114	2316
4313054000	충청북도	충주시	교현2동	36.978581	127.931297	76	114	2317
4313055000	충청북도	충주시	용산동	36.961303	127.940964	77	114	2318
4313056000	충청북도	충주시	지현동	36.965367	127.934811	77	114	2319
4313057100	충청북도	충주시	문화동	36.968889	127.927622	76	114	2320
4313058000	충청북도	충주시	호암.직동	36.953108	127.940875	77	114	2321
4313060500	충청북도	충주시	달천동	36.944778	127.903289	76	114	2322
4313061000	충청북도	충주시	봉방동	36.971511	127.918456	76	114	2323
4313062500	충청북도	충주시	칠금.금릉동	36.979144	127.921233	76	114	2324
4313063000	충청북도	충주시	연수동	36.983442	127.936175	77	114	2325
4313064000	충청북도	충주시	목행.용탄동	37.0087	127.919189	76	115	2326
4315000000	충청북도	제천시		37.129769	128.193153	81	118	2327
4315025000	충청북도	제천시	봉양읍	37.129803	128.123878	80	118	2328
4315031000	충청북도	제천시	금성면	37.058719	128.170822	81	116	2329
4315032000	충청북도	제천시	청풍면	36.997617	128.170375	81	115	2330
4315033000	충청북도	제천시	수산면	36.930939	128.183233	81	113	2331
4315034000	충청북도	제천시	덕산면	36.909153	128.1666	81	113	2332
4315035000	충청북도	제천시	한수면	36.882233	128.083978	79	112	2333
4315036000	충청북도	제천시	백운면	37.134967	128.028022	78	118	2334
4315038000	충청북도	제천시	송학면	37.182094	128.263208	82	119	2335
4315051000	충청북도	제천시	교동	37.139083	128.217686	81	118	2336
4315051800	충청북도	제천시	의림지동	37.162102	128.215117	81	118	2337
4315052800	충청북도	제천시	중앙동	37.139349	128.210225	81	118	2338
4315053700	충청북도	제천시	남현동	37.134797	128.217033	81	118	2339
4315054700	충청북도	제천시	영서동	37.132832	128.201799	81	118	2340
4315056000	충청북도	제천시	용두동	37.139067	128.202744	81	118	2341
4315057700	충청북도	제천시	신백동	37.128383	128.223254	82	118	2342
4315059000	충청북도	제천시	청전동	37.14615	128.216608	81	118	2343
4315060500	충청북도	제천시	화산동	37.127878	128.213356	81	118	2344
4372000000	충청북도	보은군		36.486533	127.731608	73	103	2345
4372025000	충청북도	보은군	보은읍	36.480558	127.719053	73	103	2346
4372031500	충청북도	보은군	속리산면	36.509211	127.812489	75	104	2347
4372032500	충청북도	보은군	장안면	36.466789	127.790897	74	103	2348
4372033000	충청북도	보은군	마로면	36.432833	127.822644	75	102	2349
4372034000	충청북도	보은군	탄부면	36.427747	127.798111	74	102	2350
4372035000	충청북도	보은군	삼승면	36.392831	127.729811	73	101	2351
4372036000	충청북도	보은군	수한면	36.476436	127.700911	73	103	2352
4372037000	충청북도	보은군	회남면	36.442442	127.581308	71	102	2353
4372038500	충청북도	보은군	회인면	36.491939	127.598667	71	104	2354
4372039000	충청북도	보은군	내북면	36.574994	127.666222	72	105	2355
4372040000	충청북도	보은군	산외면	36.549064	127.734764	73	105	2356
4373000000	충청북도	옥천군		36.30355	127.573633	71	99	2357
4373025000	충청북도	옥천군	옥천읍	36.304433	127.577089	71	99	2358
4373031000	충청북도	옥천군	동이면	36.280869	127.622522	71	99	2359
4373032000	충청북도	옥천군	안남면	36.353286	127.674967	72	101	2360
4373033000	충청북도	옥천군	안내면	36.391533	127.664075	72	101	2361
4373034000	충청북도	옥천군	청성면	36.324736	127.761986	74	100	2362
4373035000	충청북도	옥천군	청산면	36.343464	127.794086	74	100	2363
4373036000	충청북도	옥천군	이원면	36.243272	127.621622	71	98	2364
4373037000	충청북도	옥천군	군서면	36.276719	127.529575	70	99	2365
4373038000	충청북도	옥천군	군북면	36.327181	127.536622	70	100	2366
4374000000	충청북도	영동군		36.172058	127.785611	74	97	2367
4374025000	충청북도	영동군	영동읍	36.168308	127.778119	74	97	2368
4374031000	충청북도	영동군	용산면	36.256767	127.831656	75	99	2369
4374032000	충청북도	영동군	황간면	36.225439	127.912686	77	98	2370
4374033500	충청북도	영동군	추풍령면	36.211633	128.000875	78	98	2371
4374034000	충청북도	영동군	매곡면	36.187922	127.934331	77	97	2372
4374035000	충청북도	영동군	상촌면	36.145886	127.916397	77	96	2373
4374036000	충청북도	영동군	양강면	36.149472	127.753111	74	96	2374
4374037000	충청북도	영동군	용화면	36.017831	127.769297	74	93	2375
4374038000	충청북도	영동군	학산면	36.096436	127.687067	73	95	2376
4374039000	충청북도	영동군	양산면	36.119297	127.671222	72	95	2377
4374040000	충청북도	영동군	심천면	36.2352	127.723464	73	98	2378
4374500000	충청북도	증평군		36.782181	127.583289	71	110	2379
4374525000	충청북도	증평군	증평읍	36.782556	127.583708	71	110	2380
4374531000	충청북도	증평군	도안면	36.810447	127.615064	71	110	2381
4375000000	충청북도	진천군		36.852539	127.437644	68	111	2382
4375025000	충청북도	진천군	진천읍	36.852017	127.443411	68	111	2383
4375025300	충청북도	진천군	덕산읍	36.910906	127.511397	69	113	2384
4375032000	충청북도	진천군	초평면	36.843042	127.528531	70	111	2385
4375033000	충청북도	진천군	문백면	36.781442	127.439556	68	110	2386
4375034000	충청북도	진천군	백곡면	36.881047	127.378953	67	112	2387
4375035000	충청북도	진천군	이월면	36.922667	127.430611	68	113	2388
4375037000	충청북도	진천군	광혜원면	36.990514	127.4378	68	114	2389
4376000000	충청북도	괴산군		36.812431	127.788831	74	111	2390
4376025000	충청북도	괴산군	괴산읍	36.808867	127.793078	74	111	2391
4376031000	충청북도	괴산군	감물면	36.833811	127.877108	76	111	2392
4376032000	충청북도	괴산군	장연면	36.821314	127.957386	77	111	2393
4376033000	충청북도	괴산군	연풍면	36.763564	128.002833	78	110	2394
4376034000	충청북도	괴산군	칠성면	36.785061	127.866189	75	110	2395
4376035000	충청북도	괴산군	문광면	36.786964	127.787197	74	110	2396
4376036000	충청북도	괴산군	청천면	36.657539	127.739486	73	107	2397
4376037000	충청북도	괴산군	청안면	36.769089	127.641797	72	110	2398
4376039000	충청북도	괴산군	사리면	36.814067	127.650856	72	111	2399
4376040000	충청북도	괴산군	소수면	36.852853	127.747067	73	111	2400
4376041000	충청북도	괴산군	불정면	36.869472	127.856378	75	112	2401
4377000000	충청북도	음성군		36.937406	127.692622	72	113	2402
4377025000	충청북도	음성군	음성읍	36.932036	127.692778	72	113	2403
4377025300	충청북도	음성군	금왕읍	36.989242	127.600286	71	114	2404
4377025600	충청북도	음성군	대소읍	36.969108	127.485489	69	114	2405
4377031000	충청북도	음성군	소이면	36.920742	127.759731	74	113	2406
4377032000	충청북도	음성군	원남면	36.872589	127.651011	72	112	2407
4377033000	충청북도	음성군	맹동면	36.927222	127.5649	70	113	2408
4377035000	충청북도	음성군	삼성면	37.015486	127.497222	69	115	2409
4377036000	충청북도	음성군	생극면	37.031706	127.608978	71	115	2410
4377037000	충청북도	음성군	감곡면	37.109483	127.645667	71	117	2411
4380000000	충청북도	단양군		36.981781	128.367842	84	115	2412
4380025000	충청북도	단양군	단양읍	36.983664	128.370356	84	115	2413
4380025300	충청북도	단양군	매포읍	37.029458	128.305611	83	116	2414
4380031000	충청북도	단양군	대강면	36.919419	128.354344	84	113	2415
4380032000	충청북도	단양군	가곡면	37.02555	128.387644	84	115	2416
4380033000	충청북도	단양군	영춘면	37.075844	128.489597	86	117	2417
4380034000	충청북도	단양군	어상천면	37.099431	128.361019	84	117	2418
4380035000	충청북도	단양군	적성면	36.95785	128.295122	83	114	2419
4380036000	충청북도	단양군	단성면	36.934258	128.325653	83	113	2420
4400000000	충청남도			36.658815	126.672798	55	107	2421
4413100000	충청남도	천안시동남구		36.804125	127.152467	63	110	2422
4413125000	충청남도	천안시동남구	목천읍	36.782153	127.236864	65	110	2423
4413131000	충청남도	천안시동남구	풍세면	36.719306	127.120822	63	108	2424
4413132000	충청남도	천안시동남구	광덕면	36.6958	127.113322	62	108	2425
4413133000	충청남도	천안시동남구	북면	36.824583	127.275356	65	111	2426
4413134000	충청남도	천안시동남구	성남면	36.73955	127.239019	65	109	2427
4413135000	충청남도	천안시동남구	수신면	36.728239	127.283064	65	109	2428
4413136000	충청남도	천안시동남구	병천면	36.763614	127.304731	66	109	2429
4413137000	충청남도	천안시동남구	동면	36.773303	127.346444	66	110	2430
4413151000	충청남도	천안시동남구	중앙동	36.797167	127.154697	63	110	2431
4413152000	충청남도	천안시동남구	문성동	36.811347	127.154256	63	110	2432
4413153000	충청남도	천안시동남구	원성1동	36.808917	127.165	63	110	2433
4413154000	충청남도	천안시동남구	원성2동	36.798569	127.162975	63	110	2434
4413155000	충청남도	천안시동남구	봉명동	36.802894	127.141553	63	110	2435
4413156000	충청남도	천안시동남구	일봉동	36.798111	127.144042	63	110	2436
4413157000	충청남도	천안시동남구	신방동	36.78515	127.122367	63	110	2437
4413158000	충청남도	천안시동남구	청룡동	36.792703	127.160244	63	110	2438
4413159000	충청남도	천안시동남구	신안동	36.815558	127.159711	63	110	2439
4413300000	충청남도	천안시서북구		36.875558	127.157197	63	112	2440
4413325000	충청남도	천안시서북구	성환읍	36.915403	127.136467	63	113	2441
4413325300	충청남도	천안시서북구	성거읍	36.875133	127.201189	64	112	2442
4413325600	충청남도	천안시서북구	직산읍	36.875825	127.152664	63	112	2443
4413331000	충청남도	천안시서북구	입장면	36.909978	127.223519	64	113	2444
4413351000	충청남도	천안시서북구	성정1동	36.812181	127.145064	63	110	2445
4413352000	충청남도	천안시서북구	성정2동	36.820778	127.139486	63	111	2446
4413353000	충청남도	천안시서북구	쌍용1동	36.80115	127.132622	63	110	2447
4413354000	충청남도	천안시서북구	쌍용2동	36.793378	127.125286	63	110	2448
4413355000	충청남도	천안시서북구	쌍용3동	36.800028	127.121264	63	110	2449
4413356000	충청남도	천안시서북구	백석동	36.816844	127.117578	62	110	2450
4413356600	충청남도	천안시서북구	불당1동	36.805933	127.113716	62	110	2451
4413356700	충청남도	천안시서북구	불당2동	36.817294	127.108701	62	110	2452
4413358000	충청남도	천안시서북구	부성1동	36.842756	127.152235	63	111	2453
4413359000	충청남도	천안시서북구	부성2동	36.837336	127.13792	63	111	2454
4415000000	충청남도	공주시		36.443614	127.121119	63	102	2455
4415025000	충청남도	공주시	유구읍	36.549925	126.952542	60	105	2456
4415031000	충청남도	공주시	이인면	36.359033	127.065356	62	101	2457
4415032000	충청남도	공주시	탄천면	36.327106	127.032278	61	100	2458
4415033000	충청남도	공주시	계룡면	36.357381	127.143764	63	100	2459
4415034000	충청남도	공주시	반포면	36.393978	127.252333	65	101	2460
4415036000	충청남도	공주시	의당면	36.496603	127.143389	63	104	2461
4415037000	충청남도	공주시	정안면	36.605803	127.122367	63	106	2462
4415038000	충청남도	공주시	우성면	36.468008	127.051886	61	103	2463
4415039000	충청남도	공주시	사곡면	36.499275	127.0275	61	104	2464
4415040000	충청남도	공주시	신풍면	36.511783	126.957664	60	104	2465
4415051000	충청남도	공주시	중학동	36.449561	127.123953	63	102	2466
4415054000	충청남도	공주시	웅진동	36.455714	127.122131	63	103	2467
4415055000	충청남도	공주시	금학동	36.435914	127.1215	63	102	2468
4415056000	충청남도	공주시	옥룡동	36.454553	127.139386	63	103	2469
4415057000	충청남도	공주시	신관동	36.469317	127.134778	63	103	2470
4415059000	충청남도	공주시	월송동	36.471329	127.154963	63	103	2471
4418000000	충청남도	보령시		36.330575	126.614886	54	100	2472
4418025000	충청남도	보령시	웅천읍	36.228781	126.603253	54	98	2473
4418031000	충청남도	보령시	주포면	36.412192	126.590008	53	102	2474
4418032000	충청남도	보령시	오천면	36.435481	126.524575	52	102	2475
4418033000	충청남도	보령시	천북면	36.475836	126.529331	52	103	2476
4418034000	충청남도	보령시	청소면	36.442556	126.591533	53	102	2477
4418035000	충청남도	보령시	청라면	36.387539	126.675678	55	101	2478
4418036000	충청남도	보령시	남포면	36.301675	126.607033	54	99	2479
4418038000	충청남도	보령시	주산면	36.195422	126.633808	54	97	2480
4418039000	충청남도	보령시	미산면	36.207569	126.678478	55	97	2481
4418040000	충청남도	보령시	성주면	36.333056	126.653411	54	100	2482
4418041000	충청남도	보령시	주교면	36.387953	126.571322	53	101	2483
4418051500	충청남도	보령시	대천1동	36.349003	126.598986	53	100	2484
4418052500	충청남도	보령시	대천2동	36.350317	126.591853	53	100	2485
4418053500	충청남도	보령시	대천3동	36.351736	126.607644	54	100	2486
4418054500	충청남도	보령시	대천4동	36.337544	126.602931	54	100	2487
4418056500	충청남도	보령시	대천5동	36.312222	126.514	52	99	2488
4420000000	충청남도	아산시		36.787106	127.004642	60	110	2489
4420025000	충청남도	아산시	염치읍	36.813908	126.978578	60	110	2490
4420025300	충청남도	아산시	배방읍	36.779942	127.066986	62	110	2491
4420031000	충청남도	아산시	송악면	36.728847	127.011133	61	109	2492
4420033000	충청남도	아산시	탕정면	36.797564	127.053822	61	110	2493
4420035000	충청남도	아산시	음봉면	36.846858	127.014475	61	111	2494
4420036000	충청남도	아산시	둔포면	36.926858	127.039853	61	113	2495
4420037000	충청남도	아산시	영인면	36.853553	126.956756	60	111	2496
4420038000	충청남도	아산시	인주면	36.866117	126.886778	58	111	2497
4420039000	충청남도	아산시	선장면	36.788403	126.863333	58	110	2498
4420040000	충청남도	아산시	도고면	36.754664	126.879631	58	109	2499
4420041000	충청남도	아산시	신창면	36.8008	126.938219	59	110	2500
4420057000	충청남도	아산시	온양1동	36.784239	127.001575	60	110	2501
4420058000	충청남도	아산시	온양2동	36.775522	127.005464	60	110	2502
4420059000	충청남도	아산시	온양3동	36.784722	127.015197	61	110	2503
4420060000	충청남도	아산시	온양4동	36.785664	126.986344	60	110	2504
4420061000	충청남도	아산시	온양5동	36.772561	126.9983	60	109	2505
4420062000	충청남도	아산시	온양6동	36.758078	127.017753	61	109	2506
4421000000	충청남도	서산시		36.782097	126.452164	51	110	2507
4421025000	충청남도	서산시	대산읍	36.936764	126.436378	51	113	2508
4421031000	충청남도	서산시	인지면	36.750092	126.427644	50	109	2509
4421032000	충청남도	서산시	부석면	36.712058	126.395556	50	108	2510
4421033000	충청남도	서산시	팔봉면	36.809033	126.3519	49	110	2511
4421034000	충청남도	서산시	지곡면	36.860644	126.438978	51	111	2512
4421036000	충청남도	서산시	성연면	36.836253	126.463022	51	111	2513
4421037000	충청남도	서산시	음암면	36.797128	126.52	52	110	2514
4421038000	충청남도	서산시	운산면	36.80785	126.582678	53	110	2515
4421039000	충청남도	서산시	해미면	36.710839	126.546975	53	108	2516
4421040000	충청남도	서산시	고북면	36.664178	126.535586	52	107	2517
4421051000	충청남도	서산시	부춘동	36.783206	126.450219	51	110	2518
4421052500	충청남도	서산시	동문1동	36.787025	126.4612	51	110	2519
4421053500	충청남도	서산시	동문2동	36.777944	126.461911	51	110	2520
4421054000	충청남도	서산시	수석동	36.768442	126.469344	51	109	2521
4421055000	충청남도	서산시	석남동	36.762978	126.456011	51	109	2522
4423000000	충청남도	논산시		36.184203	127.100911	62	97	2523
4423025000	충청남도	논산시	강경읍	36.1551	127.019956	61	96	2524
4423025300	충청남도	논산시	연무읍	36.122219	127.101111	62	95	2525
4423031000	충청남도	논산시	성동면	36.200578	127.035808	61	97	2526
4423032000	충청남도	논산시	광석면	36.239967	127.082042	62	98	2527
4423033000	충청남도	논산시	노성면	36.275206	127.1324	63	99	2528
4423034000	충청남도	논산시	상월면	36.292617	127.143242	63	99	2529
4423035000	충청남도	논산시	부적면	36.213147	127.130186	63	97	2530
4423036000	충청남도	논산시	연산면	36.210508	127.202767	64	97	2531
4423038000	충청남도	논산시	벌곡면	36.203031	127.266975	65	97	2532
4423039000	충청남도	논산시	양촌면	36.135578	127.2348	65	96	2533
4423040000	충청남도	논산시	가야곡면	36.133894	127.161019	63	96	2534
4423041000	충청남도	논산시	은진면	36.164475	127.109075	62	96	2535
4423042000	충청남도	논산시	채운면	36.170506	127.064908	62	96	2536
4423051000	충청남도	논산시	취암동	36.196347	127.089208	62	97	2537
4423052000	충청남도	논산시	부창동	36.199861	127.083889	62	97	2538
4425000000	충청남도	계룡시		36.271836	127.250931	65	99	2539
4425031000	충청남도	계룡시	두마면	36.264017	127.2749	65	98	2540
4425031500	충청남도	계룡시	엄사면	36.285631	127.242042	65	99	2541
4425033000	충청남도	계룡시	신도안면	36.300467	127.242188	65	99	2542
4425051000	충청남도	계룡시	금암동	36.270672	127.251533	65	99	2543
4427000000	충청남도	당진시		36.89075	126.630253	54	112	2544
4427025000	충청남도	당진시	합덕읍	36.807053	126.766208	56	110	2545
4427025300	충청남도	당진시	송악읍	36.903019	126.690164	55	112	2546
4427031000	충청남도	당진시	고대면	36.923144	126.598953	53	113	2547
4427032000	충청남도	당진시	석문면	36.979067	126.592942	53	114	2548
4427033000	충청남도	당진시	대호지면	36.897183	126.506264	52	112	2549
4427034000	충청남도	당진시	정미면	36.879597	126.570286	53	112	2550
4427035000	충청남도	당진시	면천면	36.814614	126.6691	55	110	2551
4427036000	충청남도	당진시	순성면	36.840983	126.715389	55	111	2552
4427037000	충청남도	당진시	우강면	36.810575	126.789853	57	110	2553
4427038000	충청남도	당진시	신평면	36.882469	126.775522	56	112	2554
4427039000	충청남도	당진시	송산면	36.929611	126.681044	55	113	2555
4427051000	충청남도	당진시	당진1동	36.887006	126.628242	54	112	2556
4427052000	충청남도	당진시	당진2동	36.887006	126.628242	54	112	2557
4427053000	충청남도	당진시	당진3동	36.887006	126.628242	54	112	2558
4471000000	충청남도	금산군		36.105869	127.490308	69	95	2559
4471025000	충청남도	금산군	금산읍	36.104289	127.492631	69	95	2560
4471031000	충청남도	금산군	금성면	36.127878	127.455911	69	96	2561
4471032000	충청남도	금산군	제원면	36.109589	127.548219	70	95	2562
4471033000	충청남도	금산군	부리면	36.057756	127.557189	70	94	2563
4471034000	충청남도	금산군	군북면	36.165972	127.529867	70	96	2564
4471035000	충청남도	금산군	남일면	36.039931	127.506675	70	94	2565
4471036000	충청남도	금산군	남이면	36.042375	127.438844	68	94	2566
4471037000	충청남도	금산군	진산면	36.141328	127.3724	67	96	2567
4471038000	충청남도	금산군	복수면	36.163478	127.400442	68	96	2568
4471039000	충청남도	금산군	추부면	36.191911	127.478178	69	97	2569
4476000000	충청남도	부여군		36.272822	126.911864	59	99	2570
4476025000	충청남도	부여군	부여읍	36.272683	126.913267	59	99	2571
4476031000	충청남도	부여군	규암면	36.272361	126.886256	59	99	2572
4476032000	충청남도	부여군	은산면	36.307406	126.856322	58	99	2573
4476033000	충청남도	부여군	외산면	36.301397	126.706256	55	99	2574
4476034000	충청남도	부여군	내산면	36.271881	126.782644	57	99	2575
4476035000	충청남도	부여군	구룡면	36.249744	126.815064	57	98	2576
4476036000	충청남도	부여군	홍산면	36.213803	126.762375	56	97	2577
4476037000	충청남도	부여군	옥산면	36.18855	126.735556	56	97	2578
4476038000	충청남도	부여군	남면	36.209211	126.808356	57	97	2579
4476039000	충청남도	부여군	충화면	36.178911	126.823667	57	97	2580
4476040000	충청남도	부여군	양화면	36.132414	126.883219	59	96	2581
4476041000	충청남도	부여군	임천면	36.188194	126.896911	59	97	2582
4476042000	충청남도	부여군	장암면	36.240992	126.888642	59	98	2583
4476043000	충청남도	부여군	세도면	36.167022	126.950522	60	96	2584
4476044000	충청남도	부여군	석성면	36.250261	127.004467	61	98	2585
4476045000	충청남도	부여군	초촌면	36.26105	127.022197	61	98	2586
4477000000	충청남도	서천군		36.077406	126.693889	55	94	2587
4477025000	충청남도	서천군	장항읍	36.007644	126.702353	55	93	2588
4477025300	충청남도	서천군	서천읍	36.074731	126.691789	55	94	2589
4477031000	충청남도	서천군	마서면	36.058925	126.708775	55	94	2590
4477032000	충청남도	서천군	화양면	36.034783	126.783978	57	93	2591
4477033000	충청남도	서천군	기산면	36.071697	126.764289	56	94	2592
4477034000	충청남도	서천군	한산면	36.083356	126.804197	57	94	2593
4477035000	충청남도	서천군	마산면	36.114394	126.792786	57	95	2594
4477036000	충청남도	서천군	시초면	36.118897	126.754967	56	95	2595
4477037000	충청남도	서천군	문산면	36.139353	126.754297	56	96	2596
4477038000	충청남도	서천군	판교면	36.15485	126.6912	55	96	2597
4477039000	충청남도	서천군	종천면	36.094575	126.672131	55	95	2598
4477040000	충청남도	서천군	비인면	36.139325	126.6037	54	96	2599
4477041000	충청남도	서천군	서면	36.149958	126.551656	53	96	2600
4479000000	충청남도	청양군		36.456269	126.804256	57	103	2601
4479025000	충청남도	청양군	청양읍	36.450628	126.808856	57	102	2602
4479031000	충청남도	청양군	운곡면	36.520958	126.846722	58	104	2603
4479032000	충청남도	청양군	대치면	36.441522	126.834197	58	102	2604
4479033000	충청남도	청양군	정산면	36.411956	126.947222	60	102	2605
4479034000	충청남도	청양군	목면	36.416069	127.005997	61	102	2606
4479035000	충청남도	청양군	청남면	36.349442	126.954297	60	100	2607
4479036000	충청남도	청양군	장평면	36.338958	126.895197	59	100	2608
4479037000	충청남도	청양군	남양면	36.398286	126.778133	57	101	2609
4479038000	충청남도	청양군	화성면	36.424367	126.719378	56	102	2610
4479039000	충청남도	청양군	비봉면	36.516506	126.788619	57	104	2611
4480000000	충청남도	홍성군		36.598361	126.662908	55	106	2612
4480025000	충청남도	홍성군	홍성읍	36.598553	126.664289	55	106	2613
4480025300	충청남도	홍성군	광천읍	36.501625	126.626967	54	104	2614
4480025600	충청남도	홍성군	홍북읍	36.647139	126.693797	55	107	2615
4480032000	충청남도	홍성군	금마면	36.609011	126.734811	56	106	2616
4480033000	충청남도	홍성군	홍동면	36.556186	126.690131	55	105	2617
4480034000	충청남도	홍성군	장곡면	36.502269	126.693375	55	104	2618
4480035000	충청남도	홍성군	은하면	36.529011	126.592531	53	104	2619
4480036000	충청남도	홍성군	결성면	36.521381	126.548689	53	104	2620
4480037000	충청남도	홍성군	서부면	36.577442	126.519353	52	105	2621
4480038000	충청남도	홍성군	갈산면	36.602297	126.552108	53	106	2622
4480039000	충청남도	홍성군	구항면	36.584847	126.6129	54	105	2623
4481000000	충청남도	예산군		36.679806	126.850875	58	107	2624
4481025000	충청남도	예산군	예산읍	36.675819	126.848267	58	107	2625
4481025300	충청남도	예산군	삽교읍	36.685039	126.741444	56	108	2626
4481031000	충청남도	예산군	대술면	36.654742	126.894189	59	107	2627
4481032000	충청남도	예산군	신양면	36.598614	126.870556	58	106	2628
4481033000	충청남도	예산군	광시면	36.545978	126.7753	57	105	2629
4481034000	충청남도	예산군	대흥면	36.603875	126.790422	57	106	2630
4481035000	충청남도	예산군	응봉면	36.655803	126.763242	56	107	2631
4481036000	충청남도	예산군	덕산면	36.698667	126.667653	55	108	2632
4481037000	충청남도	예산군	봉산면	36.745825	126.683797	55	109	2633
4481038000	충청남도	예산군	고덕면	36.755959	126.726344	56	109	2634
4481039000	충청남도	예산군	신암면	36.731686	126.828233	57	109	2635
4481040000	충청남도	예산군	오가면	36.684206	126.799764	57	108	2636
4482500000	충청남도	태안군		36.742667	126.299975	48	109	2637
4482525000	충청남도	태안군	태안읍	36.754714	126.298333	48	109	2638
4482525300	충청남도	태안군	안면읍	36.517589	126.3465	49	104	2639
4482531000	충청남도	태안군	고남면	36.417492	126.411222	50	102	2640
4482532000	충청남도	태안군	남면	36.669022	126.300489	48	107	2641
4482533000	충청남도	태안군	근흥면	36.710778	126.230064	47	108	2642
4482534000	충청남도	태안군	소원면	36.759622	126.199311	46	109	2643
4482535000	충청남도	태안군	원북면	36.820631	126.259197	48	110	2644
4482536000	충청남도	태안군	이원면	36.866878	126.282631	48	111	2645
4700000000	경상북도			36.575999	128.505832	87	106	2646
4711100000	경상북도	포항시남구		36.005686	129.361667	102	94	2647
4711125000	경상북도	포항시남구	구룡포읍	35.982075	129.548531	105	94	2648
4711125300	경상북도	포항시남구	연일읍	35.988625	129.346419	102	94	2649
4711125600	경상북도	포항시남구	오천읍	35.960197	129.417033	103	93	2650
4711131000	경상북도	포항시남구	대송면	35.965494	129.362244	102	93	2651
4711132000	경상북도	포항시남구	동해면	35.985508	129.442542	104	94	2652
4711133000	경상북도	포항시남구	장기면	35.892778	129.494919	105	92	2653
4711135000	경상북도	포항시남구	호미곶면	36.080854	129.555531	106	96	2654
4711152500	경상북도	포항시남구	상대동	36.014019	129.356963	102	94	2655
4711154500	경상북도	포항시남구	해도동	36.023286	129.371447	102	94	2656
4711155000	경상북도	포항시남구	송도동	36.028889	129.377833	102	94	2657
4711156000	경상북도	포항시남구	청림동	35.994383	129.407997	103	94	2658
4711157000	경상북도	포항시남구	제철동	35.989311	129.399419	103	94	2659
4711158000	경상북도	포항시남구	효곡동	36.005047	129.333178	102	94	2660
4711159000	경상북도	포항시남구	대이동	36.014158	129.345333	102	94	2661
4711300000	경상북도	포항시북구		36.03885	129.367908	102	95	2662
4711325000	경상북도	포항시북구	흥해읍	36.104128	129.344042	102	96	2663
4711331000	경상북도	포항시북구	신광면	36.127089	129.265244	100	97	2664
4711332000	경상북도	포항시북구	청하면	36.196172	129.339833	102	98	2665
4711333000	경상북도	포항시북구	송라면	36.2259	129.359231	102	99	2666
4711334000	경상북도	포항시북구	기계면	36.069458	129.212556	100	95	2667
4711335000	경상북도	포항시북구	죽장면	36.157222	129.098022	97	97	2668
4711336000	경상북도	포항시북구	기북면	36.125608	129.1686	99	96	2669
4711352000	경상북도	포항시북구	중앙동	36.036781	129.366289	102	95	2670
4711363000	경상북도	포항시북구	양학동	36.022311	129.352686	102	94	2671
4711365500	경상북도	포항시북구	죽도동	36.03184	129.364062	102	95	2672
4711366500	경상북도	포항시북구	용흥동	36.035408	129.359908	102	95	2673
4711368000	경상북도	포항시북구	우창동	36.051689	129.363944	102	95	2674
4711369000	경상북도	포항시북구	두호동	36.057869	129.382353	102	95	2675
4711370000	경상북도	포항시북구	장량동	36.067197	129.381364	102	95	2676
4711371000	경상북도	포항시북구	환여동	36.066967	129.400244	103	95	2677
4713000000	경상북도	경주시		35.853169	129.227022	100	91	2678
4713025000	경상북도	경주시	감포읍	35.804372	129.503889	105	90	2679
4713025300	경상북도	경주시	안강읍	35.987197	129.229444	100	93	2680
4713025600	경상북도	경주시	건천읍	35.847011	129.104697	98	90	2681
4713025900	경상북도	경주시	외동읍	35.712953	129.327367	102	88	2682
4713031500	경상북도	경주시	문무대왕면	35.788092	129.445408	104	89	2683
4713032000	경상북도	경주시	양남면	35.674761	129.462664	104	87	2684
4713033000	경상북도	경주시	내남면	35.749475	129.202475	100	88	2685
4713034000	경상북도	경주시	산내면	35.754644	129.049575	97	88	2686
4713035000	경상북도	경주시	서면	35.888408	129.054867	97	91	2687
4713036000	경상북도	경주시	현곡면	35.863339	129.204697	100	91	2688
4713037000	경상북도	경주시	강동면	35.984736	129.275544	101	93	2689
4713038000	경상북도	경주시	천북면	35.892292	129.273431	101	91	2690
4713053000	경상북도	경주시	황오동	35.838139	129.217056	100	90	2691
4713055000	경상북도	경주시	성건동	35.847822	129.209642	100	90	2692
4713057000	경상북도	경주시	황남동	35.832297	129.212867	100	90	2693
4713059000	경상북도	경주시	선도동	35.823014	129.190544	99	90	2694
4713060500	경상북도	경주시	월성동	35.833586	129.222022	100	90	2695
4713061500	경상북도	경주시	용강동	35.861164	129.225464	100	91	2696
4713062100	경상북도	경주시	황성동	35.856825	129.220753	100	91	2697
4713063000	경상북도	경주시	동천동	35.851728	129.224989	100	90	2698
4713065000	경상북도	경주시	불국동	35.772028	129.302833	101	89	2699
4713066000	경상북도	경주시	보덕동	35.831719	129.289833	101	90	2700
4715000000	경상북도	김천시		36.136897	128.1158	80	96	2701
4715025000	경상북도	김천시	아포읍	36.156906	128.255678	83	97	2702
4715031000	경상북도	김천시	농소면	36.103056	128.174508	81	95	2703
4715032000	경상북도	김천시	남면	36.104953	128.191689	82	95	2704
4715034000	경상북도	김천시	개령면	36.164775	128.188422	81	97	2705
4715035000	경상북도	김천시	감문면	36.211294	128.183356	81	98	2706
4715036000	경상북도	김천시	어모면	36.177653	128.120889	80	97	2707
4715037000	경상북도	김천시	봉산면	36.138547	128.0624	79	96	2708
4715038000	경상북도	김천시	대항면	36.121528	128.024353	79	96	2709
4715039000	경상북도	김천시	감천면	36.063053	128.127678	80	94	2710
4715040000	경상북도	김천시	조마면	36.031975	128.101264	80	94	2711
4715041000	경상북도	김천시	구성면	36.029519	128.049919	79	94	2712
4715042000	경상북도	김천시	지례면	35.981844	128.028844	79	93	2713
4715043000	경상북도	김천시	부항면	35.987244	127.957278	77	93	2714
4715044000	경상북도	김천시	대덕면	35.914897	127.971011	78	91	2715
4715045000	경상북도	김천시	증산면	35.899011	128.0374	79	91	2716
4715051600	경상북도	김천시	자산동	36.122249	128.127875	80	96	2717
4715053600	경상북도	김천시	평화남산동	36.125289	128.109541	80	96	2718
4715056500	경상북도	김천시	양금동	36.110422	128.126175	80	95	2719
4715057500	경상북도	김천시	대신동	36.132136	128.119867	80	96	2720
4715059500	경상북도	김천시	대곡동	36.121572	128.091453	80	96	2721
4715061000	경상북도	김천시	지좌동	36.116742	128.146708	81	96	2722
4715064000	경상북도	김천시	율곡동	36.124469	128.181725	81	96	2723
4717000000	경상북도	안동시		36.565464	128.731622	91	106	2724
4717025000	경상북도	안동시	풍산읍	36.577181	128.574264	88	106	2725
4717031000	경상북도	안동시	와룡면	36.613483	128.768764	91	107	2726
4717032000	경상북도	안동시	북후면	36.682181	128.704508	90	108	2727
4717033000	경상북도	안동시	서후면	36.614033	128.666111	90	107	2728
4717034000	경상북도	안동시	풍천면	36.553256	128.508742	87	105	2729
4717035000	경상북도	안동시	일직면	36.472381	128.661864	90	104	2730
4717036000	경상북도	안동시	남후면	36.520697	128.692264	90	105	2731
4717037000	경상북도	안동시	남선면	36.523206	128.772131	91	105	2732
4717038000	경상북도	안동시	임하면	36.521861	128.833133	92	105	2733
4717039000	경상북도	안동시	길안면	36.453033	128.896764	94	103	2734
4717040000	경상북도	안동시	임동면	36.565942	128.919886	94	106	2735
4717041000	경상북도	안동시	예안면	36.658364	128.887419	93	108	2736
4717042000	경상북도	안동시	도산면	36.739006	128.835578	92	110	2737
4717043000	경상북도	안동시	녹전면	36.739908	128.775956	91	110	2738
4717051000	경상북도	안동시	중구동	36.563831	128.731933	91	106	2739
4717052000	경상북도	안동시	명륜동	36.579381	128.737131	91	106	2740
4717055500	경상북도	안동시	용상동	36.556183	128.751886	91	105	2741
4717058500	경상북도	안동시	서구동	36.561383	128.719731	90	106	2742
4717060000	경상북도	안동시	태화동	36.559728	128.715964	90	106	2743
4717062000	경상북도	안동시	평화동	36.5662	128.715375	90	106	2744
4717063000	경상북도	안동시	안기동	36.580031	128.716731	90	106	2745
4717065000	경상북도	안동시	옥동	36.558622	128.704	90	106	2746
4717066000	경상북도	안동시	송하동	36.567572	128.698531	90	106	2747
4717069000	경상북도	안동시	강남동	36.549344	128.721953	91	105	2748
4719000000	경상북도	구미시		36.11655	128.346778	84	96	2749
4719025000	경상북도	구미시	선산읍	36.239928	128.301175	83	98	2750
4719025300	경상북도	구미시	고아읍	36.153347	128.351986	84	97	2751
4719025600	경상북도	구미시	산동읍	36.166783	128.436356	86	97	2752
4719031000	경상북도	구미시	무을면	36.257797	128.199664	82	99	2753
4719032000	경상북도	구미시	옥성면	36.292867	128.280956	83	100	2754
4719033000	경상북도	구미시	도개면	36.296519	128.332964	84	100	2755
4719034000	경상북도	구미시	해평면	36.196772	128.393742	85	97	2756
4719036000	경상북도	구미시	장천면	36.122869	128.497442	87	96	2757
4719051000	경상북도	구미시	송정동	36.1154	128.349622	84	96	2758
4719053500	경상북도	구미시	원평동	36.124931	128.3408	84	96	2759
4719055100	경상북도	구미시	도량동	36.137558	128.334689	84	96	2760
4719055500	경상북도	구미시	지산동	36.136681	128.348056	84	96	2761
4719056500	경상북도	구미시	선주원남동	36.121358	128.339419	84	96	2762
4719058200	경상북도	구미시	형곡1동	36.110994	128.336667	84	96	2763
4719058300	경상북도	구미시	형곡2동	36.103303	128.3378	84	95	2764
4719059000	경상북도	구미시	신평1동	36.117922	128.361467	85	96	2765
4719060000	경상북도	구미시	신평2동	36.120061	128.367975	85	96	2766
4719061000	경상북도	구미시	비산동	36.120708	128.383078	85	96	2767
4719063000	경상북도	구미시	광평동	36.101742	128.368267	85	95	2768
4719064500	경상북도	구미시	상모사곡동	36.096736	128.360111	84	95	2769
4719066000	경상북도	구미시	임오동	36.086256	128.371478	85	95	2770
4719067000	경상북도	구미시	인동동	36.104036	128.422856	86	95	2771
4719068000	경상북도	구미시	진미동	36.103017	128.420856	86	95	2772
4719069000	경상북도	구미시	양포동	36.133881	128.427833	86	96	2773
4719070000	경상북도	구미시	공단동	36.098447	128.386675	85	95	2774
4721000000	경상북도	영주시		36.802936	128.626344	89	111	2775
4721025000	경상북도	영주시	풍기읍	36.868	128.527156	87	112	2776
4721031000	경상북도	영주시	이산면	36.818892	128.658497	89	111	2777
4721032000	경상북도	영주시	평은면	36.74015	128.678086	90	109	2778
4721033000	경상북도	영주시	문수면	36.769228	128.632697	89	110	2779
4721034000	경상북도	영주시	장수면	36.771797	128.580875	88	110	2780
4721035000	경상북도	영주시	안정면	36.842817	128.558864	87	112	2781
4721036000	경상북도	영주시	봉현면	36.858553	128.527333	87	112	2782
4721037000	경상북도	영주시	순흥면	36.912875	128.577286	88	113	2783
4721038000	경상북도	영주시	단산면	36.948422	128.621667	88	114	2784
4721039000	경상북도	영주시	부석면	36.976008	128.656364	89	115	2785
4721051000	경상북도	영주시	상망동	36.825847	128.631697	89	111	2786
4721052500	경상북도	영주시	하망동	36.820983	128.632578	89	111	2787
4721055000	경상북도	영주시	영주1동	36.823556	128.622189	89	111	2788
4721056000	경상북도	영주시	영주2동	36.817853	128.621031	89	111	2789
4721059000	경상북도	영주시	휴천1동	36.815575	128.632131	89	111	2790
4721060000	경상북도	영주시	휴천2동	36.807181	128.624011	89	111	2791
4721061000	경상북도	영주시	휴천3동	36.809561	128.629886	89	111	2792
4721062000	경상북도	영주시	가흥1동	36.815833	128.620197	89	111	2793
4721063000	경상북도	영주시	가흥2동	36.826469	128.614067	88	111	2794
4723000000	경상북도	영천시		35.970053	128.940775	95	93	2795
4723025000	경상북도	영천시	금호읍	35.930336	128.879811	94	92	2796
4723031000	경상북도	영천시	청통면	35.989075	128.825286	93	93	2797
4723032000	경상북도	영천시	신녕면	36.042336	128.792022	92	94	2798
4723033000	경상북도	영천시	화산면	36.017367	128.854575	93	94	2799
4723034000	경상북도	영천시	화북면	36.105278	128.921697	94	96	2800
4723035000	경상북도	영천시	화남면	36.056203	128.891356	94	95	2801
4723036000	경상북도	영천시	자양면	36.0755	129.020442	96	95	2802
4723037000	경상북도	영천시	임고면	36.0181	128.976297	95	94	2803
4723038000	경상북도	영천시	고경면	35.998586	129.048111	97	94	2804
4723039000	경상북도	영천시	북안면	35.912267	129.011397	96	92	2805
4723040000	경상북도	영천시	대창면	35.872917	128.897022	94	91	2806
4723051000	경상북도	영천시	동부동	35.971556	128.944731	95	93	2807
4723052000	경상북도	영천시	중앙동	35.970386	128.932042	95	93	2808
4723053500	경상북도	영천시	서부동	35.960614	128.923789	95	93	2809
4723054000	경상북도	영천시	완산동	35.961906	128.941797	95	93	2810
4723055500	경상북도	영천시	남부동	35.954228	128.934933	95	93	2811
4725000000	경상북도	상주시		36.407969	128.161264	81	102	2812
4725025000	경상북도	상주시	함창읍	36.567181	128.181642	81	105	2813
4725031000	경상북도	상주시	중동면	36.423422	128.273756	83	102	2814
4725032500	경상북도	상주시	사벌국면	36.463417	128.2108	82	103	2815
4725033000	경상북도	상주시	낙동면	36.372089	128.250408	82	101	2816
4725034000	경상북도	상주시	청리면	36.335664	128.1328	80	100	2817
4725035000	경상북도	상주시	공성면	36.280469	128.094597	80	99	2818
4725036000	경상북도	상주시	외남면	36.354503	128.091586	80	101	2819
4725037000	경상북도	상주시	내서면	36.409308	128.069222	79	102	2820
4725038000	경상북도	상주시	모동면	36.317144	127.961553	77	100	2821
4725039000	경상북도	상주시	모서면	36.339542	127.962244	77	100	2822
4725040000	경상북도	상주시	화동면	36.386633	127.956264	77	101	2823
4725041000	경상북도	상주시	화서면	36.4425	127.953578	77	103	2824
4725042000	경상북도	상주시	화북면	36.560394	127.9194	77	105	2825
4725043000	경상북도	상주시	외서면	36.476367	128.110319	80	103	2826
4725044000	경상북도	상주시	은척면	36.528789	128.073756	79	105	2827
4725045000	경상북도	상주시	공검면	36.509242	128.1608	81	104	2828
4725046000	경상북도	상주시	이안면	36.576514	128.147753	80	106	2829
4725047000	경상북도	상주시	화남면	36.445353	127.907686	76	103	2830
4725052000	경상북도	상주시	남원동	36.412539	128.1548	81	102	2831
4725053000	경상북도	상주시	북문동	36.426061	128.160008	81	102	2832
4725054000	경상북도	상주시	계림동	36.41915	128.1665	81	102	2833
4725055000	경상북도	상주시	동문동	36.414444	128.171308	81	102	2834
4725056000	경상북도	상주시	동성동	36.412347	128.171944	81	102	2835
4725057000	경상북도	상주시	신흥동	36.400686	128.162164	81	102	2836
4728000000	경상북도	문경시		36.583631	128.189019	81	106	2837
4728025000	경상북도	문경시	문경읍	36.734386	128.109222	80	109	2838
4728025300	경상북도	문경시	가은읍	36.639753	128.064244	79	107	2839
4728031000	경상북도	문경시	영순면	36.579158	128.238186	82	106	2840
4728032000	경상북도	문경시	산양면	36.608781	128.260956	82	106	2841
4728033000	경상북도	문경시	호계면	36.628311	128.208064	82	107	2842
4728034000	경상북도	문경시	산북면	36.653083	128.261608	82	107	2843
4728035000	경상북도	문경시	동로면	36.770469	128.317178	83	110	2844
4728036000	경상북도	문경시	마성면	36.68975	128.118856	80	108	2845
4728037000	경상북도	문경시	농암면	36.597806	128.005897	78	106	2846
4728057000	경상북도	문경시	점촌1동	36.595714	128.199975	81	106	2847
4728058000	경상북도	문경시	점촌2동	36.587217	128.198267	81	106	2848
4728059000	경상북도	문경시	점촌3동	36.600028	128.208642	82	106	2849
4728060000	경상북도	문경시	점촌4동	36.636278	128.1725	81	107	2850
4728061000	경상북도	문경시	점촌5동	36.588181	128.189919	81	106	2851
4729000000	경상북도	경산시		35.822089	128.743464	91	90	2852
4729025000	경상북도	경산시	하양읍	35.910178	128.821419	93	91	2853
4729025300	경상북도	경산시	진량읍	35.871031	128.818553	93	91	2854
4729025600	경상북도	경산시	압량읍	35.840322	128.762108	92	90	2855
4729031000	경상북도	경산시	와촌면	35.943342	128.838775	93	92	2856
4729033000	경상북도	경산시	자인면	35.8179	128.824844	93	89	2857
4729034000	경상북도	경산시	용성면	35.790231	128.878111	94	89	2858
4729035000	경상북도	경산시	남산면	35.790356	128.839622	93	89	2859
4729037000	경상북도	경산시	남천면	35.763669	128.729108	91	88	2860
4729051000	경상북도	경산시	중방동	35.824111	128.7362	91	90	2861
4729052000	경상북도	경산시	중앙동	35.817083	128.742664	91	89	2862
4729053000	경상북도	경산시	남부동	35.810708	128.741431	91	89	2863
4729054100	경상북도	경산시	서부1동	35.8176	128.730089	91	89	2864
4729054200	경상북도	경산시	서부2동	35.831528	128.728333	91	90	2865
4729055000	경상북도	경산시	북부동	35.830283	128.748797	92	90	2866
4729056000	경상북도	경산시	동부동	35.816419	128.756467	92	89	2867
4773000000	경상북도	의성군		36.349758	128.699364	90	101	2868
4773025000	경상북도	의성군	의성읍	36.352992	128.697056	90	101	2869
4773031000	경상북도	의성군	단촌면	36.419136	128.676444	90	102	2870
4773032000	경상북도	의성군	점곡면	36.42115	128.770253	91	103	2871
4773033000	경상북도	의성군	옥산면	36.389944	128.8123	92	102	2872
4773034000	경상북도	의성군	사곡면	36.303386	128.790111	92	100	2873
4773035000	경상북도	의성군	춘산면	36.234583	128.814011	92	99	2874
4773036000	경상북도	의성군	가음면	36.231164	128.726944	91	98	2875
4773037000	경상북도	의성군	금성면	36.258422	128.683308	90	99	2876
4773038000	경상북도	의성군	봉양면	36.2978	128.578553	88	100	2877
4773039000	경상북도	의성군	비안면	36.334389	128.492467	87	101	2878
4773040000	경상북도	의성군	구천면	36.344433	128.434867	86	101	2879
4773041000	경상북도	의성군	단밀면	36.373078	128.383831	85	101	2880
4773042000	경상북도	의성군	단북면	36.384597	128.407022	85	102	2881
4773043000	경상북도	의성군	안계면	36.380931	128.442419	86	102	2882
4773044000	경상북도	의성군	다인면	36.447381	128.355719	84	103	2883
4773045000	경상북도	의성군	신평면	36.470725	128.504731	87	103	2884
4773046000	경상북도	의성군	안평면	36.373786	128.586444	88	101	2885
4773047000	경상북도	의성군	안사면	36.428033	128.463944	86	103	2886
4775000000	경상북도	청송군		36.433292	129.0594	96	103	2887
4775025000	경상북도	청송군	청송읍	36.431186	129.059019	96	103	2888
4775031500	경상북도	청송군	주왕산면	36.353942	129.161667	98	101	2889
4775032000	경상북도	청송군	부남면	36.341656	129.065611	97	101	2890
4775033000	경상북도	청송군	현동면	36.287728	129.019133	96	100	2891
4775034000	경상북도	청송군	현서면	36.272944	128.898233	94	100	2892
4775035000	경상북도	청송군	안덕면	36.28605	128.962222	95	100	2893
4775036000	경상북도	청송군	파천면	36.460133	129.040111	96	104	2894
4775037000	경상북도	청송군	진보면	36.526531	129.049019	96	105	2895
4776000000	경상북도	영양군		36.664275	129.114622	97	108	2896
4776025000	경상북도	영양군	영양읍	36.664161	129.116486	97	108	2897
4776031000	경상북도	영양군	입암면	36.590306	129.092631	97	106	2898
4776032000	경상북도	영양군	청기면	36.658278	129.064522	96	108	2899
4776033000	경상북도	영양군	일월면	36.69945	129.131031	98	109	2900
4776034000	경상북도	영양군	수비면	36.762261	129.2049	99	110	2901
4776035000	경상북도	영양군	석보면	36.555153	129.126944	98	106	2902
4777000000	경상북도	영덕군		36.412103	129.368356	102	103	2903
4777025000	경상북도	영덕군	영덕읍	36.406536	129.375131	102	103	2904
4777031000	경상북도	영덕군	강구면	36.358933	129.380986	102	102	2905
4777032000	경상북도	영덕군	남정면	36.283108	129.374853	102	100	2906
4777033000	경상북도	영덕군	달산면	36.396194	129.305586	101	102	2907
4777034000	경상북도	영덕군	지품면	36.445569	129.284197	100	103	2908
4777035000	경상북도	영덕군	축산면	36.506044	129.4166	103	105	2909
4777036000	경상북도	영덕군	영해면	36.534575	129.409467	103	105	2910
4777037000	경상북도	영덕군	병곡면	36.599431	129.412975	103	107	2911
4777038000	경상북도	영덕군	창수면	36.543264	129.350686	102	106	2912
4782000000	경상북도	청도군		35.644311	128.7362	91	86	2913
4782025000	경상북도	청도군	화양읍	35.646867	128.708444	91	86	2914
4782025300	경상북도	청도군	청도읍	35.642389	128.743531	92	86	2915
4782031000	경상북도	청도군	각남면	35.638811	128.6612	90	85	2916
4782032000	경상북도	청도군	풍각면	35.635808	128.620556	89	85	2917
4782033000	경상북도	청도군	각북면	35.684303	128.591467	89	86	2918
4782034000	경상북도	청도군	이서면	35.660231	128.672889	90	86	2919
4782035000	경상북도	청도군	운문면	35.712589	128.915464	95	87	2920
4782036000	경상북도	청도군	금천면	35.683847	128.894886	94	87	2921
4782037000	경상북도	청도군	매전면	35.664042	128.857867	94	86	2922
4783000000	경상북도	고령군		35.722986	128.265022	83	87	2923
4783025300	경상북도	고령군	대가야읍	35.730542	128.267903	83	87	2924
4783031000	경상북도	고령군	덕곡면	35.776347	128.235178	82	88	2925
4783032000	경상북도	고령군	운수면	35.766078	128.292597	84	88	2926
4783033000	경상북도	고령군	성산면	35.746919	128.362075	85	88	2927
4783034000	경상북도	고령군	다산면	35.822783	128.456533	86	89	2928
4783035000	경상북도	고령군	개진면	35.705192	128.3524	85	87	2929
4783036000	경상북도	고령군	우곡면	35.674869	128.344175	84	86	2930
4783037000	경상북도	고령군	쌍림면	35.676794	128.244067	83	86	2931
4784000000	경상북도	성주군		35.919149	128.282992	83	91	2932
4784025000	경상북도	성주군	성주읍	35.919089	128.289613	83	91	2933
4784031000	경상북도	성주군	선남면	35.900842	128.351736	85	91	2934
4784032000	경상북도	성주군	용암면	35.836264	128.336828	84	90	2935
4784033000	경상북도	성주군	수륜면	35.83295	128.192362	82	90	2936
4784034000	경상북도	성주군	가천면	35.884399	128.166184	81	91	2937
4784035500	경상북도	성주군	금수강산면	35.919578	128.175782	81	91	2938
4784036000	경상북도	성주군	대가면	35.91032	128.228743	82	91	2939
4784037000	경상북도	성주군	벽진면	35.948495	128.216406	82	92	2940
4784038000	경상북도	성주군	초전면	35.974545	128.263336	83	93	2941
4784039000	경상북도	성주군	월항면	35.945573	128.31576	84	92	2942
4785000000	경상북도	칠곡군		35.992547	128.403797	85	93	2943
4785025000	경상북도	칠곡군	왜관읍	35.986008	128.3999	85	93	2944
4785025300	경상북도	칠곡군	북삼읍	36.059906	128.345153	84	94	2945
4785025600	경상북도	칠곡군	석적읍	36.048378	128.411378	85	94	2946
4785031000	경상북도	칠곡군	지천면	35.953117	128.4933	87	92	2947
4785032000	경상북도	칠곡군	동명면	35.981042	128.555733	88	93	2948
4785033000	경상북도	칠곡군	가산면	36.082994	128.541078	88	95	2949
4785036000	경상북도	칠곡군	약목면	36.029831	128.365997	85	94	2950
4785037000	경상북도	칠곡군	기산면	35.983425	128.384967	85	93	2951
4790000000	경상북도	예천군		36.65495	128.455022	86	107	2952
4790025000	경상북도	예천군	예천읍	36.654111	128.455822	86	107	2953
4790025300	경상북도	예천군	호명읍	36.591417	128.470556	86	106	2954
4790031000	경상북도	예천군	용문면	36.687283	128.413186	85	108	2955
4790034000	경상북도	예천군	감천면	36.718247	128.528675	87	109	2956
4790035000	경상북도	예천군	보문면	36.662389	128.513167	87	108	2957
4790037000	경상북도	예천군	유천면	36.6325	128.392311	85	107	2958
4790038000	경상북도	예천군	용궁면	36.605733	128.279631	83	106	2959
4790039000	경상북도	예천군	개포면	36.605489	128.368708	84	106	2960
4790040000	경상북도	예천군	지보면	36.545333	128.392564	85	105	2961
4790041000	경상북도	예천군	풍양면	36.507658	128.301242	83	104	2962
4790042000	경상북도	예천군	효자면	36.771367	128.41885	85	110	2963
4790043000	경상북도	예천군	은풍면	36.745109	128.443114	86	109	2964
4792000000	경상북도	봉화군		36.890261	128.734875	90	113	2965
4792025000	경상북도	봉화군	봉화읍	36.884933	128.741878	91	113	2966
4792031000	경상북도	봉화군	물야면	36.972294	128.738022	90	115	2967
4792032000	경상북도	봉화군	봉성면	36.883025	128.820308	92	113	2968
4792033000	경상북도	봉화군	법전면	36.907886	128.879189	93	113	2969
4792034000	경상북도	봉화군	춘양면	36.932242	128.917156	94	114	2970
4792035000	경상북도	봉화군	소천면	36.934847	129.005408	95	114	2971
4792036000	경상북도	봉화군	재산면	36.813103	128.9641	95	111	2972
4792037000	경상북도	봉화군	명호면	36.855967	128.9024	93	112	2973
4792038000	경상북도	봉화군	상운면	36.830942	128.757419	91	111	2974
4792039000	경상북도	봉화군	석포면	37.045792	129.067489	96	116	2975
4793000000	경상북도	울진군		36.990186	129.402786	102	115	2976
4793025000	경상북도	울진군	울진읍	36.994336	129.4054	102	115	2977
4793025300	경상북도	울진군	평해읍	36.72515	129.443708	103	110	2978
4793031000	경상북도	울진군	북면	37.102008	129.3754	101	118	2979
4793033000	경상북도	울진군	근남면	36.959906	129.396819	102	115	2980
4793035000	경상북도	울진군	기성면	36.795269	129.453733	103	111	2981
4793036000	경상북도	울진군	온정면	36.721192	129.347678	101	109	2982
4793037000	경상북도	울진군	죽변면	37.056897	129.424575	102	117	2983
4793038000	경상북도	울진군	후포면	36.675567	129.441731	103	109	2984
4793039000	경상북도	울진군	금강송면	36.935519	129.247186	99	114	2985
4793040000	경상북도	울진군	매화면	36.913106	129.382211	102	114	2986
4794000000	경상북도	울릉군		37.480575	130.903789	127	127	2987
4794025000	경상북도	울릉군	울릉읍	37.481114	130.901756	127	127	2988
4794031000	경상북도	울릉군	서면	37.463769	130.836189	126	127	2989
4794032000	경상북도	울릉군	북면	37.536783	130.872753	127	129	2990
4794033000	경상북도	울릉군	독도	37.241439	131.864847	144	123	2991
4800000000	경상남도			35.234736	128.694167	91	77	2992
4812100000	경상남도	창원시의창구		35.254003	128.640154	90	77	2993
4812125000	경상남도	창원시의창구	동읍	35.284725	128.682513	91	78	2994
4812131000	경상남도	창원시의창구	북면	35.347782	128.607038	89	79	2995
4812132000	경상남도	창원시의창구	대산면	35.332427	128.707781	91	79	2996
4812151000	경상남도	창원시의창구	의창동	35.262127	128.62295	90	77	2997
4812152000	경상남도	창원시의창구	팔룡동	35.257811	128.612324	90	77	2998
4812153000	경상남도	창원시의창구	명곡동	35.253547	128.640234	90	77	2999
4812154000	경상남도	창원시의창구	봉림동	35.251964	128.667345	91	77	3000
4812300000	경상남도	창원시성산구		35.198384	128.70294	91	76	3001
4812351000	경상남도	창원시성산구	반송동	35.235943	128.669512	91	77	3002
4812351500	경상남도	창원시성산구	용지동	35.236228	128.684129	91	77	3003
4812352000	경상남도	창원시성산구	중앙동	35.221098	128.673695	91	77	3004
4812353000	경상남도	창원시성산구	상남동	35.216268	128.687212	91	76	3005
4812354000	경상남도	창원시성산구	사파동	35.215843	128.708712	91	76	3006
4812355000	경상남도	창원시성산구	가음정동	35.213139	128.700594	91	76	3007
4812356000	경상남도	창원시성산구	성주동	35.189741	128.69502	91	76	3008
4812357000	경상남도	창원시성산구	웅남동	35.20531	128.627162	90	76	3009
4812500000	경상남도	창원시마산합포구		35.196874	128.567863	89	76	3010
4812531000	경상남도	창원시마산합포구	구산면	35.119699	128.580887	89	74	3011
4812532000	경상남도	창원시마산합포구	진동면	35.115182	128.488325	88	74	3012
4812533000	경상남도	창원시마산합포구	진북면	35.115474	128.467412	87	74	3013
4812534000	경상남도	창원시마산합포구	진전면	35.10289	128.418987	86	74	3014
4812551000	경상남도	창원시마산합포구	현동	35.138857	128.577012	89	75	3015
4812552000	경상남도	창원시마산합포구	가포동	35.169568	128.57205	89	75	3016
4812553000	경상남도	창원시마산합포구	월영동	35.179314	128.55775	89	76	3017
4812554000	경상남도	창원시마산합포구	문화동	35.184685	128.558175	89	76	3018
4812556500	경상남도	창원시마산합포구	반월중앙동	35.194093	128.564137	89	76	3019
4812557000	경상남도	창원시마산합포구	완월동	35.199526	128.564137	89	76	3020
4812558000	경상남도	창원시마산합포구	자산동	35.205538	128.565446	89	76	3021
4812561000	경상남도	창원시마산합포구	교방동	35.214335	128.566238	89	76	3022
4812563000	경상남도	창원시마산합포구	오동동	35.208768	128.5786	89	76	3023
4812564000	경상남도	창원시마산합포구	합포동	35.210925	128.579128	89	76	3024
4812565000	경상남도	창원시마산합포구	산호동	35.2161	128.58599	89	76	3025
4812700000	경상남도	창원시마산회원구		35.220932	128.579706	89	76	3026
4812725000	경상남도	창원시마산회원구	내서읍	35.24681	128.507625	88	77	3027
4812751000	경상남도	창원시마산회원구	회원1동	35.218263	128.574247	89	76	3028
4812752000	경상남도	창원시마산회원구	회원2동	35.218901	128.569238	89	76	3029
4812754500	경상남도	창원시마산회원구	석전동	35.230185	128.57335	89	77	3030
4812755000	경상남도	창원시마산회원구	회성동	35.233076	128.561637	89	77	3031
4812756000	경상남도	창원시마산회원구	양덕1동	35.23231	128.586212	89	77	3032
4812757000	경상남도	창원시마산회원구	양덕2동	35.229201	128.583925	89	77	3033
4812758000	경상남도	창원시마산회원구	합성1동	35.242217	128.583989	89	77	3034
4812759000	경상남도	창원시마산회원구	합성2동	35.241045	128.586195	89	77	3035
4812760000	경상남도	창원시마산회원구	구암1동	35.249383	128.593525	89	77	3036
4812761000	경상남도	창원시마산회원구	구암2동	35.24901	128.598388	89	77	3037
4812762000	경상남도	창원시마산회원구	봉암동	35.217595	128.602463	89	76	3038
4812900000	경상남도	창원시진해구		35.13306	128.710081	91	75	3039
4812953000	경상남도	창원시진해구	충무동	35.15054	128.660338	91	75	3040
4812954000	경상남도	창원시진해구	여좌동	35.158549	128.660315	91	75	3041
4812955000	경상남도	창원시진해구	태백동	35.1539	128.677376	91	75	3042
4812956000	경상남도	창원시진해구	경화동	35.154357	128.686838	91	75	3043
4812957000	경상남도	창원시진해구	병암동	35.154983	128.689563	91	75	3044
4812958000	경상남도	창원시진해구	석동	35.158645	128.700033	91	75	3045
4812959000	경상남도	창원시진해구	이동	35.149342	128.699912	91	75	3046
4812960000	경상남도	창원시진해구	자은동	35.147092	128.705436	91	75	3047
4812961000	경상남도	창원시진해구	덕산동	35.143347	128.703744	91	75	3048
4812962000	경상남도	창원시진해구	풍호동	35.137599	128.707313	91	75	3049
4812963000	경상남도	창원시진해구	웅천동	35.111338	128.749633	92	74	3050
4812964000	경상남도	창원시진해구	웅동1동	35.125896	128.782692	93	75	3051
4812965000	경상남도	창원시진해구	웅동2동	35.101282	128.814835	93	74	3052
4817000000	경상남도	진주시		35.177033	128.11	81	75	3053
4817025000	경상남도	진주시	문산읍	35.166003	128.166511	82	75	3054
4817031000	경상남도	진주시	내동면	35.162383	128.069622	80	75	3055
4817032000	경상남도	진주시	정촌면	35.128131	128.104975	81	74	3056
4817033000	경상남도	진주시	금곡면	35.091264	128.190022	82	73	3057
4817035000	경상남도	진주시	진성면	35.181922	128.225544	83	75	3058
4817036000	경상남도	진주시	일반성면	35.168031	128.279278	84	75	3059
4817037000	경상남도	진주시	이반성면	35.166172	128.328553	85	75	3060
4817038000	경상남도	진주시	사봉면	35.185208	128.272711	84	75	3061
4817039000	경상남도	진주시	지수면	35.231894	128.271844	83	76	3062
4817040000	경상남도	진주시	대곡면	35.261219	128.171575	82	77	3063
4817041000	경상남도	진주시	금산면	35.210933	128.150111	81	76	3064
4817042000	경상남도	진주시	집현면	35.23595	128.088586	80	76	3065
4817043000	경상남도	진주시	미천면	35.296139	128.117578	81	78	3066
4817044000	경상남도	진주시	명석면	35.216511	128.042542	79	76	3067
4817045000	경상남도	진주시	대평면	35.229611	127.963022	78	76	3068
4817046000	경상남도	진주시	수곡면	35.195586	127.934289	77	75	3069
4817051500	경상남도	진주시	천전동	35.180709	128.084786	80	75	3070
4817055500	경상남도	진주시	성북동	35.195742	128.078257	80	76	3071
4817056500	경상남도	진주시	중앙동	35.188964	128.088422	80	75	3072
4817059500	경상남도	진주시	상봉동	35.198564	128.075111	80	76	3073
4817067300	경상남도	진주시	상대동	35.180217	128.111758	81	75	3074
4817067800	경상남도	진주시	하대동	35.186178	128.129575	81	75	3075
4817068000	경상남도	진주시	상평동	35.173086	128.111222	81	75	3076
4817069500	경상남도	진주시	초장동	35.198447	128.117178	81	76	3077
4817071000	경상남도	진주시	평거동	35.16379	128.04002	79	75	3078
4817071500	경상남도	진주시	신안동	35.181472	128.0712	80	75	3079
4817072000	경상남도	진주시	이현동	35.189692	128.063953	80	75	3080
4817073000	경상남도	진주시	판문동	35.165047	128.054467	80	75	3081
4817074000	경상남도	진주시	가호동	35.156944	128.108822	81	75	3082
4817075000	경상남도	진주시	충무공동	35.182951	128.135843	81	75	3083
4822000000	경상남도	통영시		34.851258	128.435278	87	68	3084
4822025000	경상남도	통영시	산양읍	34.800317	128.397908	86	67	3085
4822031000	경상남도	통영시	용남면	34.86455	128.444589	87	68	3086
4822033000	경상남도	통영시	도산면	34.900078	128.364156	85	69	3087
4822034000	경상남도	통영시	광도면	34.896556	128.409208	86	69	3088
4822035000	경상남도	통영시	욕지면	34.633208	128.265578	84	63	3089
4822036000	경상남도	통영시	한산면	34.764011	128.5099	88	66	3090
4822037000	경상남도	통영시	사량면	34.842392	128.222089	83	68	3091
4822051000	경상남도	통영시	도천동	34.833919	128.415789	86	68	3092
4822053000	경상남도	통영시	명정동	34.839464	128.421953	86	68	3093
4822055000	경상남도	통영시	중앙동	34.843422	128.429197	87	68	3094
4822059000	경상남도	통영시	정량동	34.839936	128.432433	87	68	3095
4822060000	경상남도	통영시	북신동	34.853942	128.427686	87	68	3096
4822066500	경상남도	통영시	미수동	34.823639	128.400532	86	68	3097
4822067000	경상남도	통영시	봉평동	34.829575	128.416756	86	68	3098
4822070000	경상남도	통영시	무전동	34.85425	128.434642	87	68	3099
4824000000	경상남도	사천시		35.000283	128.066778	80	71	3100
4824025000	경상남도	사천시	사천읍	35.079681	128.093356	80	73	3101
4824031000	경상남도	사천시	정동면	35.053008	128.126111	81	72	3102
4824032000	경상남도	사천시	사남면	35.049444	128.077408	80	72	3103
4824033000	경상남도	사천시	용현면	35.010353	128.063444	80	71	3104
4824034000	경상남도	사천시	축동면	35.104056	128.090611	80	74	3105
4824035000	경상남도	사천시	곤양면	35.054436	127.961819	78	72	3106
4824036000	경상남도	사천시	곤명면	35.108919	127.943756	78	74	3107
4824037000	경상남도	사천시	서포면	35.004319	127.979075	78	71	3108
4824051000	경상남도	사천시	동서동	34.925444	128.071308	80	70	3109
4824052000	경상남도	사천시	선구동	34.926597	128.074311	80	70	3110
4824053000	경상남도	사천시	동서금동	34.927853	128.080856	80	70	3111
4824055000	경상남도	사천시	벌용동	34.940625	128.081864	80	70	3112
4824057000	경상남도	사천시	향촌동	34.930644	128.095633	81	70	3113
4824059500	경상남도	사천시	남양동	34.966486	128.065422	80	71	3114
4825000000	경상남도	김해시		35.225506	128.891667	95	77	3115
4825025000	경상남도	김해시	진영읍	35.301242	128.735556	92	78	3116
4825032000	경상남도	김해시	주촌면	35.232708	128.832908	93	77	3117
4825033000	경상남도	김해시	진례면	35.245956	128.749989	92	77	3118
4825034000	경상남도	김해시	한림면	35.317506	128.804508	93	79	3119
4825035000	경상남도	김해시	생림면	35.324883	128.851667	94	79	3120
4825036000	경상남도	김해시	상동면	35.304644	128.932697	95	78	3121
4825037000	경상남도	김해시	대동면	35.239197	128.982475	96	77	3122
4825051000	경상남도	김해시	동상동	35.233786	128.885733	94	77	3123
4825052000	경상남도	김해시	회현동	35.228492	128.880556	94	77	3124
4825053000	경상남도	김해시	부원동	35.225669	128.888822	94	77	3125
4825054000	경상남도	김해시	내외동	35.23195	128.866722	94	77	3126
4825055000	경상남도	김해시	북부동	35.259272	128.869753	94	77	3127
4825056500	경상남도	김해시	칠산서부동	35.219767	128.873242	94	76	3128
4825058000	경상남도	김해시	활천동	35.225881	128.902108	95	77	3129
4825059000	경상남도	김해시	삼안동	35.240761	128.909642	95	77	3130
4825060000	경상남도	김해시	불암동	35.218972	128.928986	95	77	3131
4825061000	경상남도	김해시	장유1동	35.201253	128.812772	93	76	3132
4825062000	경상남도	김해시	장유2동	35.197092	128.797786	93	76	3133
4825063000	경상남도	김해시	장유3동	35.175533	128.811325	93	76	3134
4827000000	경상남도	밀양시		35.500778	128.748944	92	83	3135
4827025000	경상남도	밀양시	삼랑진읍	35.392728	128.84	93	80	3136
4827025300	경상남도	밀양시	하남읍	35.372436	128.713289	91	80	3137
4827031000	경상남도	밀양시	부북면	35.508222	128.732108	91	83	3138
4827032000	경상남도	밀양시	상동면	35.549783	128.765544	92	84	3139
4827033000	경상남도	밀양시	산외면	35.499581	128.817097	93	83	3140
4827034000	경상남도	밀양시	산내면	35.581217	128.883111	94	84	3141
4827035000	경상남도	밀양시	단장면	35.512183	128.878289	94	83	3142
4827036000	경상남도	밀양시	상남면	35.445269	128.755842	92	81	3143
4827037000	경상남도	밀양시	초동면	35.418608	128.675153	91	81	3144
4827038000	경상남도	밀양시	무안면	35.467631	128.653742	90	82	3145
4827039000	경상남도	밀양시	청도면	35.545839	128.626697	90	83	3146
4827051000	경상남도	밀양시	내일동	35.491281	128.756356	92	82	3147
4827052000	경상남도	밀양시	내이동	35.493989	128.748486	92	82	3148
4827053000	경상남도	밀양시	삼문동	35.479975	128.755278	92	82	3149
4827054000	경상남도	밀양시	가곡동	35.475686	128.766778	92	82	3150
4827055000	경상남도	밀양시	교동	35.507944	128.759386	92	83	3151
4831000000	경상남도	거제시		34.877358	128.623356	90	69	3152
4831031000	경상남도	거제시	일운면	34.826533	128.705333	92	68	3153
4831032000	경상남도	거제시	동부면	34.818408	128.610375	90	68	3154
4831033000	경상남도	거제시	남부면	34.729042	128.612333	90	66	3155
4831034000	경상남도	거제시	거제면	34.847883	128.592611	89	68	3156
4831035000	경상남도	거제시	둔덕면	34.833639	128.507311	88	68	3157
4831036000	경상남도	거제시	사등면	34.915808	128.524475	88	70	3158
4831037000	경상남도	거제시	연초면	34.91145	128.658775	91	70	3159
4831038000	경상남도	거제시	하청면	34.952206	128.657578	91	71	3160
4831039000	경상남도	거제시	장목면	34.983511	128.684575	91	71	3161
4831051000	경상남도	거제시	장승포동	34.86425	128.7294	92	69	3162
4831053000	경상남도	거제시	능포동	34.876117	128.736911	92	69	3163
4831054000	경상남도	거제시	아주동	34.862939	128.694364	91	69	3164
4831055000	경상남도	거제시	옥포1동	34.887861	128.694886	91	69	3165
4831056000	경상남도	거제시	옥포2동	34.893478	128.690556	91	69	3166
4831057000	경상남도	거제시	장평동	34.889558	128.609467	90	69	3167
4831058000	경상남도	거제시	고현동	34.882599	128.623325	90	69	3168
4831059000	경상남도	거제시	상문동	34.86809	128.637944	90	69	3169
4831060000	경상남도	거제시	수양동	34.887941	128.646287	91	69	3170
4833000000	경상남도	양산시		35.331928	129.039411	97	79	3171
4833025300	경상남도	양산시	물금읍	35.308039	128.990644	96	78	3172
4833031000	경상남도	양산시	동면	35.320447	129.064142	98	79	3173
4833032000	경상남도	양산시	원동면	35.361628	128.921067	95	80	3174
4833033000	경상남도	양산시	상북면	35.415314	129.066667	97	81	3175
4833034000	경상남도	양산시	하북면	35.486233	129.089222	98	82	3176
4833051000	경상남도	양산시	중앙동	35.342736	129.043253	97	79	3177
4833051500	경상남도	양산시	양주동	35.336465	129.032211	97	79	3178
4833052000	경상남도	양산시	삼성동	35.349758	129.042956	97	79	3179
4833053000	경상남도	양산시	강서동	35.342097	129.028422	97	79	3180
4833054000	경상남도	양산시	서창동	35.413217	129.175422	99	81	3181
4833055000	경상남도	양산시	소주동	35.416581	129.1562	99	81	3182
4833056000	경상남도	양산시	평산동	35.380261	129.150956	99	80	3183
4833057000	경상남도	양산시	덕계동	35.370422	129.152264	99	80	3184
4872000000	경상남도	의령군		35.319119	128.263822	83	78	3185
4872025000	경상남도	의령군	의령읍	35.318	128.262719	83	78	3186
4872031000	경상남도	의령군	가례면	35.323647	128.247467	83	78	3187
4872032000	경상남도	의령군	칠곡면	35.338333	128.194778	82	79	3188
4872033000	경상남도	의령군	대의면	35.368828	128.110456	81	79	3189
4872034000	경상남도	의령군	화정면	35.274644	128.213011	82	77	3190
4872035000	경상남도	의령군	용덕면	35.345083	128.292819	84	79	3191
4872036000	경상남도	의령군	정곡면	35.3775	128.328553	84	80	3192
4872037000	경상남도	의령군	지정면	35.379475	128.388267	85	80	3193
4872038000	경상남도	의령군	낙서면	35.481125	128.379433	85	82	3194
4872039000	경상남도	의령군	부림면	35.463417	128.326778	84	81	3195
4872040000	경상남도	의령군	봉수면	35.469228	128.268389	83	82	3196
4872041500	경상남도	의령군	궁류면	35.444306	128.251142	83	81	3197
4872042000	경상남도	의령군	유곡면	35.4302	128.315842	84	81	3198
4873000000	경상남도	함안군		35.269406	128.408708	86	77	3199
4873025000	경상남도	함안군	가야읍	35.26915	128.410442	86	77	3200
4873025300	경상남도	함안군	칠원읍	35.308803	128.518564	88	78	3201
4873031000	경상남도	함안군	함안면	35.239036	128.425922	86	77	3202
4873032000	경상남도	함안군	군북면	35.258608	128.347231	85	77	3203
4873033000	경상남도	함안군	법수면	35.312453	128.357597	85	78	3204
4873034000	경상남도	함안군	대산면	35.347119	128.433708	86	79	3205
4873035000	경상남도	함안군	칠서면	35.330361	128.500286	87	79	3206
4873036000	경상남도	함안군	칠북면	35.343547	128.523856	88	79	3207
4873038000	경상남도	함안군	산인면	35.276269	128.426478	86	77	3208
4873039000	경상남도	함안군	여항면	35.207119	128.436708	86	76	3209
4874000000	경상남도	창녕군		35.541536	128.494533	87	83	3210
4874025000	경상남도	창녕군	창녕읍	35.537658	128.503356	87	83	3211
4874025300	경상남도	창녕군	남지읍	35.386042	128.479433	87	80	3212
4874031000	경상남도	창녕군	고암면	35.573356	128.513186	88	84	3213
4874032000	경상남도	창녕군	성산면	35.625717	128.496189	87	85	3214
4874033000	경상남도	창녕군	대합면	35.610586	128.474278	87	85	3215
4874034000	경상남도	창녕군	이방면	35.574067	128.390031	85	84	3216
4874035000	경상남도	창녕군	유어면	35.505053	128.413333	86	82	3217
4874036000	경상남도	창녕군	대지면	35.552519	128.470064	87	84	3218
4874037000	경상남도	창녕군	계성면	35.465739	128.515244	88	82	3219
4874038000	경상남도	창녕군	영산면	35.450586	128.530153	88	81	3220
4874039000	경상남도	창녕군	장마면	35.455106	128.475144	87	81	3221
4874040000	경상남도	창녕군	도천면	35.432028	128.520253	88	81	3222
4874041000	경상남도	창녕군	길곡면	35.384019	128.571289	89	80	3223
4874042000	경상남도	창녕군	부곡면	35.431689	128.605131	89	81	3224
4882000000	경상남도	고성군		34.9699	128.324542	85	71	3225
4882025000	경상남도	고성군	고성읍	34.9711	128.326533	85	71	3226
4882031000	경상남도	고성군	삼산면	34.933611	128.276053	84	70	3227
4882032000	경상남도	고성군	하일면	34.940317	128.194642	82	70	3228
4882033000	경상남도	고성군	하이면	34.925586	128.125078	81	70	3229
4882034000	경상남도	고성군	상리면	34.996656	128.188567	82	71	3230
4882035000	경상남도	고성군	대가면	35.014256	128.300556	84	72	3231
4882036000	경상남도	고성군	영현면	35.051017	128.207678	82	72	3232
4882037000	경상남도	고성군	영오면	35.104789	128.239853	83	74	3233
4882038000	경상남도	고성군	개천면	35.095608	128.261078	83	73	3234
4882039000	경상남도	고성군	구만면	35.084753	128.337097	85	73	3235
4882040000	경상남도	고성군	회화면	35.057097	128.375522	85	73	3236
4882041000	경상남도	고성군	마암면	35.052083	128.338911	85	73	3237
4882042000	경상남도	고성군	동해면	35.038347	128.4232	86	72	3238
4882043000	경상남도	고성군	거류면	34.988664	128.406467	86	71	3239
4884000000	경상남도	남해군		34.834558	127.894467	77	68	3240
4884025000	경상남도	남해군	남해읍	34.835417	127.895956	77	68	3241
4884031000	경상남도	남해군	이동면	34.796311	127.9569	78	67	3242
4884032000	경상남도	남해군	상주면	34.720569	127.9878	79	65	3243
4884033000	경상남도	남해군	삼동면	34.827894	128.003144	79	67	3244
4884034000	경상남도	남해군	미조면	34.708989	128.049067	80	65	3245
4884035000	경상남도	남해군	남면	34.7683	127.888931	77	66	3246
4884036000	경상남도	남해군	서면	34.80695	127.840464	76	67	3247
4884037000	경상남도	남해군	고현면	34.892575	127.876467	77	69	3248
4884038000	경상남도	남해군	설천면	34.921781	127.916175	77	69	3249
4884039000	경상남도	남해군	창선면	34.854711	128.014319	79	68	3250
4885000000	경상남도	하동군		35.064203	127.753431	74	73	3251
4885025000	경상남도	하동군	하동읍	35.069019	127.747419	74	73	3252
4885031000	경상남도	하동군	화개면	35.185308	127.627578	72	75	3253
4885032000	경상남도	하동군	악양면	35.159294	127.711086	74	75	3254
4885033000	경상남도	하동군	적량면	35.080078	127.779067	75	73	3255
4885034000	경상남도	하동군	횡천면	35.106681	127.816111	75	73	3256
4885035000	경상남도	하동군	고전면	35.019081	127.819444	76	72	3257
4885036000	경상남도	하동군	금남면	34.947414	127.861133	76	70	3258
4885037000	경상남도	하동군	진교면	35.0274	127.903111	77	72	3259
4885038000	경상남도	하동군	양보면	35.044242	127.847908	76	72	3260
4885039000	경상남도	하동군	북천면	35.111575	127.894989	77	74	3261
4885040000	경상남도	하동군	청암면	35.152978	127.802164	75	74	3262
4885041000	경상남도	하동군	옥종면	35.179883	127.881697	77	75	3263
4885042000	경상남도	하동군	금성면	34.960694	127.792375	75	70	3264
4886000000	경상남도	산청군		35.412492	127.875619	76	80	3265
4886025000	경상남도	산청군	산청읍	35.410347	127.879622	76	80	3266
4886031000	경상남도	산청군	차황면	35.460653	127.929989	77	81	3267
4886032000	경상남도	산청군	오부면	35.455678	127.864133	76	81	3268
4886033000	경상남도	산청군	생초면	35.490108	127.835064	76	82	3269
4886034000	경상남도	산청군	금서면	35.414125	127.865333	76	80	3270
4886035000	경상남도	산청군	삼장면	35.295197	127.833931	76	78	3271
4886036000	경상남도	산청군	시천면	35.275275	127.842842	76	77	3272
4886037000	경상남도	산청군	단성면	35.295825	127.959811	78	78	3273
4886038000	경상남도	산청군	신안면	35.300925	127.975253	78	78	3274
4886039000	경상남도	산청군	생비량면	35.341992	128.047264	79	79	3275
4886040000	경상남도	산청군	신등면	35.379681	128.008978	79	80	3276
4887000000	경상남도	함양군		35.517469	127.727419	74	82	3277
4887025000	경상남도	함양군	함양읍	35.516619	127.728797	74	82	3278
4887031000	경상남도	함양군	마천면	35.393894	127.665197	73	80	3279
4887032000	경상남도	함양군	휴천면	35.477644	127.752375	74	82	3280
4887033000	경상남도	함양군	유림면	35.463172	127.7945	75	81	3281
4887034000	경상남도	함양군	수동면	35.519133	127.789908	75	82	3282
4887035000	경상남도	함양군	지곡면	35.563172	127.776389	74	83	3283
4887036000	경상남도	함양군	안의면	35.625633	127.813444	75	85	3284
4887037000	경상남도	함양군	서하면	35.644619	127.697556	73	85	3285
4887038000	경상남도	함양군	서상면	35.680369	127.688056	73	86	3286
4887039000	경상남도	함양군	백전면	35.548647	127.637786	72	83	3287
4887040000	경상남도	함양군	병곡면	35.525439	127.684289	73	83	3288
4888000000	경상남도	거창군		35.683625	127.911656	77	86	3289
4888025000	경상남도	거창군	거창읍	35.684944	127.906019	77	86	3290
4888031000	경상남도	거창군	주상면	35.746642	127.915278	77	87	3291
4888032000	경상남도	거창군	웅양면	35.802367	127.919956	77	89	3292
4888033000	경상남도	거창군	고제면	35.811819	127.873586	76	89	3293
4888034000	경상남도	거창군	북상면	35.774394	127.821389	75	88	3294
4888035000	경상남도	거창군	위천면	35.746558	127.835308	75	87	3295
4888036000	경상남도	거창군	마리면	35.698178	127.856797	76	86	3296
4888037000	경상남도	거창군	남상면	35.640167	127.912189	77	85	3297
4888038000	경상남도	거창군	남하면	35.664683	127.945789	77	86	3298
4888039000	경상남도	거창군	신원면	35.564706	127.9273	77	84	3299
4888040000	경상남도	거창군	가조면	35.707969	128.0169	79	87	3300
4888041000	경상남도	거창군	가북면	35.759775	127.995464	78	88	3301
4889000000	경상남도	합천군		35.563617	128.167931	81	84	3302
4889025000	경상남도	합천군	합천읍	35.562883	128.160153	81	84	3303
4889031000	경상남도	합천군	봉산면	35.623017	128.044053	79	85	3304
4889032000	경상남도	합천군	묘산면	35.655431	128.115556	80	86	3305
4889033000	경상남도	합천군	가야면	35.7597	128.141642	81	88	3306
4889034000	경상남도	합천군	야로면	35.702183	128.169908	81	87	3307
4889035000	경상남도	합천군	율곡면	35.569328	128.220197	82	84	3308
4889036000	경상남도	합천군	초계면	35.556928	128.267531	83	83	3309
4889037000	경상남도	합천군	쌍책면	35.572831	128.284353	83	84	3310
4889038000	경상남도	합천군	덕곡면	35.611983	128.361467	85	85	3311
4889039000	경상남도	합천군	청덕면	35.556325	128.323978	84	84	3312
4889040000	경상남도	합천군	적중면	35.544544	128.280864	83	83	3313
4889041000	경상남도	합천군	대양면	35.513572	128.176708	82	83	3314
4889042000	경상남도	합천군	쌍백면	35.438556	128.147644	81	81	3315
4889043000	경상남도	합천군	삼가면	35.411328	128.123953	81	80	3316
4889044000	경상남도	합천군	가회면	35.432128	128.035842	79	81	3317
4889045000	경상남도	합천군	대병면	35.518233	128.016756	79	83	3318
4889046000	경상남도	합천군	용주면	35.537669	128.115597	81	83	3319
5000000000	제주특별자치도			33.485694	126.500333	52	38	3320
5011000000	제주특별자치도	제주시		33.496311	126.533208	53	38	3321
5011025000	제주특별자치도	제주시	한림읍	33.407144	126.269086	48	36	3322
5011025300	제주특별자치도	제주시	애월읍	33.458739	126.331467	49	37	3323
5011025600	제주특별자치도	제주시	구좌읍	33.519336	126.854075	59	38	3324
5011025900	제주특별자치도	제주시	조천읍	33.531178	126.636233	55	39	3325
5011031000	제주특별자치도	제주시	한경면	33.3474	126.186019	46	35	3326
5011032000	제주특별자치도	제주시	추자면	33.959472	126.296142	48	48	3327
5011033000	제주특별자치도	제주시	우도면	33.503256	126.955422	60	38	3328
5011051000	제주특별자치도	제주시	일도1동	33.511686	126.528186	53	38	3329
5011052000	제주특별자치도	제주시	일도2동	33.508478	126.540319	53	38	3330
5011053000	제주특별자치도	제주시	이도1동	33.505183	126.527589	53	38	3331
5011054000	제주특별자치도	제주시	이도2동	33.493858	126.537375	53	38	3332
5011055000	제주특별자치도	제주시	삼도1동	33.500425	126.5203	53	38	3333
5011056000	제주특별자치도	제주시	삼도2동	33.508386	126.523911	53	38	3334
5011057000	제주특별자치도	제주시	용담1동	33.506347	126.515686	52	38	3335
5011058000	제주특별자치도	제주시	용담2동	33.508247	126.513733	52	38	3336
5011059000	제주특별자치도	제주시	건입동	33.511681	126.533708	53	38	3337
5011060000	제주특별자치도	제주시	화북동	33.516972	126.567442	53	38	3338
5011061000	제주특별자치도	제주시	삼양동	33.518694	126.587531	54	38	3339
5011062000	제주특별자치도	제주시	봉개동	33.488456	126.596878	54	38	3340
5011063000	제주특별자치도	제주시	아라동	33.473056	126.547008	53	37	3341
5011064000	제주특별자치도	제주시	오라동	33.491894	126.513619	52	38	3342
5011065000	제주특별자치도	제주시	연동	33.484867	126.498931	52	38	3343
5011066000	제주특별자치도	제주시	노형동	33.479806	126.479197	52	38	3344
5011067000	제주특별자치도	제주시	외도동	33.489603	126.434244	51	38	3345
5011068000	제주특별자치도	제주시	이호동	33.49655	126.460153	51	38	3346
5011069000	제주특별자치도	제주시	도두동	33.499889	126.470089	52	38	3347
5013000000	제주특별자치도	서귀포시		33.25406	126.55955	53	33	3348
5013025000	제주특별자치도	서귀포시	대정읍	33.223572	126.254175	48	32	3349
5013025300	제주특별자치도	서귀포시	남원읍	33.276358	126.722089	56	33	3350
5013025900	제주특별자치도	서귀포시	성산읍	33.43875	126.912942	60	37	3351
5013031000	제주특별자치도	서귀포시	안덕면	33.246372	126.339067	49	32	3352
5013032000	제주특별자치도	서귀포시	표선면	33.323828	126.833619	58	34	3353
5013051000	제주특별자치도	서귀포시	송산동	33.241806	126.568064	53	32	3354
5013052000	제주특별자치도	서귀포시	정방동	33.242583	126.567278	53	32	3355
5013053000	제주특별자치도	서귀포시	중앙동	33.247353	126.567042	53	32	3356
5013054000	제주특별자치도	서귀포시	천지동	33.244592	126.563289	53	32	3357
5013055000	제주특별자치도	서귀포시	효돈동	33.260047	126.617622	54	33	3358
5013056000	제주특별자치도	서귀포시	영천동	33.265578	126.588978	54	33	3359
5013057000	제주특별자치도	서귀포시	동홍동	33.263022	126.5691	53	33	3360
5013058000	제주특별자치도	서귀포시	서홍동	33.260633	126.552733	53	33	3361
5013059000	제주특별자치도	서귀포시	대륜동	33.244783	126.513411	52	32	3362
5013060000	제주특별자치도	서귀포시	대천동	33.247475	126.479575	52	32	3363
5013061000	제주특별자치도	서귀포시	중문동	33.248178	126.436778	51	32	3364
5013062000	제주특별자치도	서귀포시	예래동	33.251025	126.399908	50	32	3365
5019000000	이어도			0.0	0.0	28	8	3366
5019099000	이어도			0.0	0.0	28	8	3367
5100000000	강원특별자치도			37.882692	127.731975	73	134	3368
5111000000	강원특별자치도	춘천시		37.878542	127.732311	73	134	3369
5111025000	강원특별자치도	춘천시	신북읍	37.923147	127.748364	73	135	3370
5111031000	강원특별자치도	춘천시	동면	37.907531	127.783444	73	134	3371
5111032000	강원특별자치도	춘천시	동산면	37.749533	127.798422	74	131	3372
5111033000	강원특별자치도	춘천시	신동면	37.814908	127.718167	72	132	3373
5111034000	강원특별자치도	춘천시	남면	37.729394	127.601911	70	130	3374
5111035000	강원특별자치도	춘천시	서면	37.895983	127.695042	72	134	3375
5111036000	강원특별자치도	춘천시	사북면	38.027167	127.642964	71	137	3376
5111038000	강원특별자치도	춘천시	북산면	37.984606	127.888167	75	136	3377
5111039000	강원특별자치도	춘천시	동내면	37.845125	127.763308	73	133	3378
5111040000	강원특별자치도	춘천시	남산면	37.789083	127.648308	71	132	3379
5111052000	강원특별자치도	춘천시	교동	37.877861	127.738322	73	134	3380
5111053000	강원특별자치도	춘천시	조운동	37.876694	127.732442	73	134	3381
5111054500	강원특별자치도	춘천시	약사명동	37.873814	127.726919	73	134	3382
5111057000	강원특별자치도	춘천시	근화동	37.877997	127.714475	72	134	3383
5111058000	강원특별자치도	춘천시	소양동	37.880075	127.726575	73	134	3384
5111060000	강원특별자치도	춘천시	후평1동	37.882253	127.750619	73	134	3385
5111061000	강원특별자치도	춘천시	후평2동	37.874794	127.752686	73	134	3386
5111061100	강원특별자치도	춘천시	후평3동	37.873872	127.755997	73	134	3387
5111062000	강원특별자치도	춘천시	효자1동	37.869436	127.729819	73	133	3388
5111063000	강원특별자치도	춘천시	효자2동	37.869672	127.738511	73	133	3389
5111064000	강원특별자치도	춘천시	효자3동	37.873622	127.743578	73	134	3390
5111065000	강원특별자치도	춘천시	석사동	37.855783	127.744467	73	133	3391
5111066000	강원특별자치도	춘천시	퇴계동	37.861742	127.728308	73	133	3392
5111067500	강원특별자치도	춘천시	강남동	37.862486	127.722419	72	133	3393
5111070500	강원특별자치도	춘천시	신사우동	37.903144	127.730122	73	134	3394
5113000000	강원특별자치도	원주시		37.339083	127.922056	76	122	3395
5113025000	강원특별자치도	원주시	문막읍	37.309811	127.819433	74	121	3396
5113031000	강원특별자치도	원주시	소초면	37.415142	128.004589	78	124	3397
5113032000	강원특별자치도	원주시	호저면	37.408233	127.9279	76	124	3398
5113033000	강원특별자치도	원주시	지정면	37.359317	127.842433	75	122	3399
5113035000	강원특별자치도	원주시	부론면	37.204783	127.752653	73	119	3400
5113036000	강원특별자치도	원주시	귀래면	37.167183	127.887008	76	118	3401
5113037000	강원특별자치도	원주시	흥업면	37.299778	127.923375	76	121	3402
5113038000	강원특별자치도	원주시	판부면	37.271331	128.014108	78	121	3403
5113039000	강원특별자치도	원주시	신림면	37.227853	128.081697	79	120	3404
5113051500	강원특별자치도	원주시	중앙동	37.349986	127.949664	77	122	3405
5113052000	강원특별자치도	원주시	원인동	37.342761	127.949	77	122	3406
5113053000	강원특별자치도	원주시	개운동	37.337408	127.957908	77	122	3407
5113054100	강원특별자치도	원주시	명륜1동	37.338406	127.955511	77	122	3408
5113054200	강원특별자치도	원주시	명륜2동	37.328781	127.946111	77	122	3409
5113055000	강원특별자치도	원주시	단구동	37.323353	127.962531	77	122	3410
5113056000	강원특별자치도	원주시	일산동	37.346825	127.944331	77	122	3411
5113057500	강원특별자치도	원주시	학성동	37.350686	127.946378	77	122	3412
5113059000	강원특별자치도	원주시	단계동	37.349792	127.936697	76	122	3413
5113060000	강원특별자치도	원주시	우산동	37.368742	127.942231	76	123	3414
5113061000	강원특별자치도	원주시	태장1동	37.352261	127.957489	77	122	3415
5113062000	강원특별자치도	원주시	태장2동	37.379519	127.954222	77	123	3416
5113063500	강원특별자치도	원주시	봉산동	37.344717	127.959175	77	122	3417
5113065000	강원특별자치도	원주시	행구동	37.339689	127.986044	77	122	3418
5113066000	강원특별자치도	원주시	무실동	37.334561	127.928775	76	122	3419
5113067500	강원특별자치도	원주시	반곡관설동	37.315678	127.973742	77	122	3420
5115000000	강원특별자치도	강릉시		37.749136	128.878497	92	131	3421
5115025000	강원특별자치도	강릉시	주문진읍	37.889794	128.829311	91	134	3422
5115031000	강원특별자치도	강릉시	성산면	37.715922	128.834433	92	131	3423
5115032000	강원특별자치도	강릉시	왕산면	37.669856	128.840219	92	130	3424
5115033000	강원특별자치도	강릉시	구정면	37.715533	128.882386	92	131	3425
5115034000	강원특별자치도	강릉시	강동면	37.7254	128.956511	94	131	3426
5115035000	강원특별자치도	강릉시	옥계면	37.609881	129.040253	95	129	3427
5115036000	강원특별자치도	강릉시	사천면	37.820758	128.851086	92	133	3428
5115037000	강원특별자치도	강릉시	연곡면	37.857431	128.839197	92	134	3429
5115051000	강원특별자치도	강릉시	홍제동	37.745517	128.885931	92	131	3430
5115052000	강원특별자치도	강릉시	중앙동	37.751894	128.8973	93	132	3431
5115054000	강원특별자치도	강릉시	옥천동	37.757328	128.905367	93	132	3432
5115055000	강원특별자치도	강릉시	교1동	37.761694	128.880308	92	132	3433
5115056000	강원특별자치도	강릉시	교2동	37.759931	128.902	93	132	3434
5115057100	강원특별자치도	강릉시	포남1동	37.765131	128.910578	93	132	3435
5115057200	강원특별자치도	강릉시	포남2동	37.770019	128.915667	93	132	3436
5115058000	강원특별자치도	강릉시	초당동	37.789103	128.918233	93	132	3437
5115059000	강원특별자치도	강릉시	송정동	37.771731	128.929811	93	132	3438
5115060000	강원특별자치도	강릉시	내곡동	37.736194	128.883253	92	131	3439
5115061500	강원특별자치도	강릉시	강남동	37.74421	128.905612	93	131	3440
5115064500	강원특별자치도	강릉시	성덕동	37.760644	128.915944	93	132	3441
5115066500	강원특별자치도	강릉시	경포동	37.781011	128.882889	92	132	3442
5117000000	강원특별자치도	동해시		37.521931	129.116633	97	127	3443
5117051000	강원특별자치도	동해시	천곡동	37.520075	129.118444	97	127	3444
5117052000	강원특별자치도	동해시	송정동	37.496911	129.130931	97	126	3445
5117053000	강원특별자치도	동해시	북삼동	37.489864	129.111167	97	126	3446
5117054000	강원특별자치도	동해시	부곡동	37.533997	129.107197	96	127	3447
5117055000	강원특별자치도	동해시	동호동	37.543047	129.102531	96	127	3448
5117057000	강원특별자치도	동해시	발한동	37.545639	129.110197	96	127	3449
5117059000	강원특별자치도	동해시	묵호동	37.549856	129.117564	97	127	3450
5117060000	강원특별자치도	동해시	북평동	37.480933	129.127375	97	126	3451
5117063000	강원특별자치도	동해시	망상동	37.555144	129.106811	96	127	3452
5117065000	강원특별자치도	동해시	삼화동	37.487817	129.070667	96	126	3453
5119000000	강원특별자치도	태백시		37.161228	128.987997	95	119	3454
5119051500	강원특별자치도	태백시	황지동	37.167953	128.993911	95	119	3455
5119052500	강원특별자치도	태백시	황연동	37.175908	128.988953	95	119	3456
5119053500	강원특별자치도	태백시	삼수동	37.177625	128.980153	95	119	3457
5119054000	강원특별자치도	태백시	상장동	37.150514	128.992942	95	119	3458
5119058500	강원특별자치도	태백시	문곡소도동	37.128606	128.962686	94	118	3459
5119059500	강원특별자치도	태백시	장성동	37.097617	129.010475	95	117	3460
5119060500	강원특별자치도	태백시	구문소동	37.097225	129.024467	95	117	3461
5119061500	강원특별자치도	태백시	철암동	37.114394	129.042108	96	118	3462
5121000000	강원특별자치도	속초시		38.204275	128.594167	87	141	3463
5121051000	강원특별자치도	속초시	영랑동	38.220894	128.590475	87	141	3464
5121052000	강원특별자치도	속초시	동명동	38.209978	128.597931	87	141	3465
5121054000	강원특별자치도	속초시	금호동	38.204186	128.590442	87	141	3466
5121056000	강원특별자치도	속초시	교동	38.199786	128.584819	87	141	3467
5121057000	강원특별자치도	속초시	노학동	38.194306	128.578464	87	141	3468
5121058000	강원특별자치도	속초시	조양동	38.184881	128.5932	87	141	3469
5121059000	강원특별자치도	속초시	청호동	38.195306	128.597942	87	141	3470
5121060000	강원특별자치도	속초시	대포동	38.162992	128.559297	87	140	3471
5123000000	강원특별자치도	삼척시		37.447086	129.167489	98	125	3472
5123025000	강원특별자치도	삼척시	도계읍	37.233553	129.047475	96	120	3473
5123025300	강원특별자치도	삼척시	원덕읍	37.173561	129.338011	101	119	3474
5123031000	강원특별자치도	삼척시	근덕면	37.376436	129.228111	99	124	3475
5123032000	강원특별자치도	삼척시	하장면	37.346633	128.945308	94	123	3476
5123033000	강원특별자치도	삼척시	노곡면	37.344969	129.166444	98	123	3477
5123034000	강원특별자치도	삼척시	미로면	37.414733	129.114786	97	124	3478
5123035000	강원특별자치도	삼척시	가곡면	37.146914	129.207531	98	119	3479
5123036000	강원특별자치도	삼척시	신기면	37.346867	129.085389	96	123	3480
5123051000	강원특별자치도	삼척시	남양동	37.439733	129.170808	98	125	3481
5123053000	강원특별자치도	삼척시	교동	37.4451	129.166933	98	125	3482
5123054000	강원특별자치도	삼척시	정라동	37.433231	129.186886	98	125	3483
5123057000	강원특별자치도	삼척시	성내동	37.443333	129.165244	97	125	3484
5172000000	강원특별자치도	홍천군		37.694422	127.890842	75	130	3485
5172025000	강원특별자치도	홍천군	홍천읍	37.691775	127.890922	75	130	3486
5172031000	강원특별자치도	홍천군	화촌면	37.768144	127.9691	77	131	3487
5172032000	강원특별자치도	홍천군	두촌면	37.865914	128.021264	78	134	3488
5172033000	강원특별자치도	홍천군	내촌면	37.813414	128.089108	79	132	3489
5172034000	강원특별자치도	홍천군	서석면	37.71075	128.188397	81	130	3490
5172035200	강원특별자치도	홍천군	영귀미면	37.675281	127.937319	76	129	3491
5172036000	강원특별자치도	홍천군	남면	37.615283	127.769811	73	128	3492
5172037000	강원특별자치도	홍천군	서면	37.685839	127.666233	72	129	3493
5172038000	강원특별자치도	홍천군	북방면	37.702792	127.855319	75	130	3494
5172039000	강원특별자치도	홍천군	내면	37.771011	128.391975	84	132	3495
5173000000	강원특별자치도	횡성군		37.488958	127.987222	77	125	3496
5173025000	강원특별자치도	횡성군	횡성읍	37.489594	127.994811	77	125	3497
5173031000	강원특별자치도	횡성군	우천면	37.456581	128.064656	79	125	3498
5173032000	강원특별자치도	횡성군	안흥면	37.409697	128.158308	80	124	3499
5173033000	강원특별자치도	횡성군	둔내면	37.509436	128.221011	81	126	3500
5173034000	강원특별자치도	횡성군	갑천면	37.558172	128.1124	79	127	3501
5173035000	강원특별자치도	횡성군	청일면	37.580925	128.152597	80	127	3502
5173036000	강원특별자치도	횡성군	공근면	37.533667	127.963931	77	126	3503
5173037000	강원특별자치도	횡성군	서원면	37.484275	127.852711	75	125	3504
5173038000	강원특별자치도	횡성군	강림면	37.357422	128.127631	80	123	3505
5175000000	강원특별자치도	영월군		37.180861	128.464019	86	119	3506
5175025000	강원특별자치도	영월군	영월읍	37.184586	128.468364	86	119	3507
5175025300	강원특별자치도	영월군	상동읍	37.124256	128.829197	92	118	3508
5175031200	강원특별자치도	영월군	산솔면	37.145286	128.680486	89	118	3509
5175032500	강원특별자치도	영월군	김삿갓면	37.125632	128.570112	88	118	3510
5175033000	강원특별자치도	영월군	북면	37.251644	128.457433	85	120	3511
5175034000	강원특별자치도	영월군	남면	37.183744	128.406697	85	119	3512
5175035500	강원특별자치도	영월군	한반도면	37.236793	128.328387	83	120	3513
5175036000	강원특별자치도	영월군	주천면	37.269422	128.271133	82	121	3514
5175038000	강원특별자치도	영월군	무릉도원면	37.285506	128.270842	82	121	3515
5176000000	강원특별자치도	평창군		37.367917	128.392353	84	123	3516
5176025000	강원특별자치도	평창군	평창읍	37.366044	128.399508	84	123	3517
5176031000	강원특별자치도	평창군	미탄면	37.339186	128.498044	86	122	3518
5176032000	강원특별자치도	평창군	방림면	37.423631	128.396486	84	124	3519
5176033000	강원특별자치도	평창군	대화면	37.498075	128.460319	85	126	3520
5176034000	강원특별자치도	평창군	봉평면	37.613389	128.381778	84	128	3521
5176035000	강원특별자치도	평창군	용평면	37.603892	128.442419	85	128	3522
5176036000	강원특별자치도	평창군	진부면	37.634575	128.5554	87	129	3523
5176038000	강원특별자치도	평창군	대관령면	37.670922	128.708431	89	130	3524
5177000000	강원특별자치도	정선군		37.377808	128.663086	89	123	3525
5177025000	강원특별자치도	정선군	정선읍	37.376956	128.663931	89	123	3526
5177025300	강원특별자치도	정선군	고한읍	37.205689	128.845511	92	120	3527
5177025600	강원특별자치도	정선군	사북읍	37.2249	128.824075	92	120	3528
5177025900	강원특별자치도	정선군	신동읍	37.209336	128.644364	89	120	3529
5177032000	강원특별자치도	정선군	남면	37.265967	128.742875	90	121	3530
5177034000	강원특별자치도	정선군	북평면	37.446036	128.672697	89	125	3531
5177035000	강원특별자치도	정선군	임계면	37.491983	128.8544	92	126	3532
5177036000	강원특별자치도	정선군	화암면	37.340182	128.787914	91	123	3533
5177037000	강원특별자치도	정선군	여량면	37.470686	128.720552	90	125	3534
5178000000	강원특별자치도	철원군		38.144056	127.315733	65	139	3535
5178025000	강원특별자치도	철원군	철원읍	38.209444	127.214886	64	141	3536
5178025300	강원특별자치도	철원군	김화읍	38.247014	127.423611	67	142	3537
5178025600	강원특별자치도	철원군	갈말읍	38.14495	127.310431	65	139	3538
5178025900	강원특별자치도	철원군	동송읍	38.204472	127.210333	64	141	3539
5178031000	강원특별자치도	철원군	서면	38.161881	127.417942	67	140	3540
5178032000	강원특별자치도	철원군	근남면	38.234203	127.4733	68	141	3541
5178033000	강원특별자치도	철원군	근북면	38.309692	127.408722	67	143	3542
5178034000	강원특별자치도	철원군	근동면	38.304167	127.540111	69	143	3543
5178035000	강원특별자치도	철원군	원동면	38.304583	127.754019	73	143	3544
5178036000	강원특별자치도	철원군	원남면	38.299361	127.635611	71	143	3545
5178037000	강원특별자치도	철원군	임남면	38.291914	127.856242	75	143	3546
5179000000	강원특별자치도	화천군		38.103408	127.710356	72	139	3547
5179025000	강원특별자치도	화천군	화천읍	38.101564	127.709278	72	139	3548
5179031000	강원특별자치도	화천군	간동면	38.052494	127.792178	74	137	3549
5179032000	강원특별자치도	화천군	하남면	38.056069	127.670022	71	138	3550
5179033000	강원특별자치도	화천군	상서면	38.155081	127.656633	71	140	3551
5179034000	강원특별자치도	화천군	사내면	38.067414	127.525544	69	138	3552
5180000000	강원특별자치도	양구군		38.107292	127.992244	77	139	3553
5180025000	강원특별자치도	양구군	양구읍	38.1052	127.992819	77	139	3554
5180031500	강원특별자치도	양구군	국토정중앙면	38.108488	128.032384	78	139	3555
5180032000	강원특별자치도	양구군	동면	38.199675	128.0458	78	141	3556
5180033000	강원특별자치도	양구군	방산면	38.206306	127.951722	76	141	3557
5180034000	강원특별자치도	양구군	해안면	38.282511	128.139378	79	143	3558
5181000000	강원특별자치도	인제군		38.066972	128.172697	80	138	3559
5181025000	강원특별자치도	인제군	인제읍	38.067589	128.1744	80	138	3560
5181031000	강원특별자치도	인제군	남면	37.963156	128.085611	79	136	3561
5181032000	강원특별자치도	인제군	북면	38.121878	128.206411	81	139	3562
5181033000	강원특별자치도	인제군	기린면	37.952842	128.3215	83	136	3563
5181034000	강원특별자치도	인제군	서화면	38.215661	128.210767	81	141	3564
5181035000	강원특별자치도	인제군	상남면	37.871356	128.262222	82	134	3565
5182000000	강원특별자치도	고성군		38.377961	128.470164	85	145	3566
5182025000	강원특별자치도	고성군	간성읍	38.375594	128.469197	85	145	3567
5182025300	강원특별자치도	고성군	거진읍	38.433508	128.454753	85	146	3568
5182031000	강원특별자치도	고성군	현내면	38.491644	128.429844	84	147	3569
5182032000	강원특별자치도	고성군	죽왕면	38.326094	128.527867	86	144	3570
5182033000	강원특별자치도	고성군	토성면	38.254475	128.560978	87	142	3571
5182034000	강원특별자치도	고성군	수동면	38.422886	128.284908	82	146	3572
5183000000	강원특별자치도	양양군		38.072833	128.621356	88	138	3573
5183025000	강원특별자치도	양양군	양양읍	38.077822	128.626297	88	138	3574
5183031000	강원특별자치도	양양군	서면	38.068683	128.587653	87	138	3575
5183032000	강원특별자치도	양양군	손양면	38.057797	128.643267	88	138	3576
5183033000	강원특별자치도	양양군	현북면	38.016269	128.725319	89	137	3577
5183034000	강원특별자치도	양양군	현남면	37.966408	128.761608	90	136	3578
5183035000	강원특별자치도	양양군	강현면	38.147242	128.6098	87	140	3579
5200000000	전북특별자치도			35.817275	127.111053	63	89	3580
5211100000	전북특별자치도	전주시완산구		35.809189	127.121919	63	89	3581
5211151000	전북특별자치도	전주시완산구	중앙동	35.820539	127.142711	63	89	3582
5211153000	전북특별자치도	전주시완산구	풍남동	35.814028	127.150186	63	89	3583
5211160500	전북특별자치도	전주시완산구	노송동	35.821428	127.160442	63	89	3584
5211163500	전북특별자치도	전주시완산구	완산동	35.806189	127.136944	63	88	3585
5211165000	전북특별자치도	전주시완산구	동서학동	35.806519	127.154331	63	89	3586
5211166000	전북특별자치도	전주시완산구	서서학동	35.802778	127.150708	63	88	3587
5211167100	전북특별자치도	전주시완산구	중화산1동	35.811611	127.126911	63	89	3588
5211167200	전북특별자치도	전주시완산구	중화산2동	35.818647	127.118422	63	89	3589
5211168000	전북특별자치도	전주시완산구	서신동	35.827847	127.117578	63	89	3590
5211169100	전북특별자치도	전주시완산구	평화1동	35.795092	127.142556	63	88	3591
5211169200	전북특별자치도	전주시완산구	평화2동	35.783889	127.136667	63	88	3592
5211170100	전북특별자치도	전주시완산구	삼천1동	35.797717	127.124	63	88	3593
5211170200	전북특별자치도	전주시완산구	삼천2동	35.793372	127.124444	63	88	3594
5211170300	전북특별자치도	전주시완산구	삼천3동	35.793919	127.116419	63	88	3595
5211171100	전북특별자치도	전주시완산구	효자1동	35.802869	127.132122	63	88	3596
5211171200	전북특별자치도	전주시완산구	효자2동	35.803933	127.121697	63	88	3597
5211171300	전북특별자치도	전주시완산구	효자3동	35.803581	127.112386	63	88	3598
5211171400	전북특별자치도	전주시완산구	효자4동	35.803936	127.097882	62	89	3599
5211173000	전북특별자치도	전주시완산구	효자5동	35.809689	127.112386	63	89	3600
5211300000	전북특별자치도	전주시덕진구		35.826386	127.136419	63	89	3601
5211352500	전북특별자치도	전주시덕진구	진북동	35.824967	127.133531	63	89	3602
5211354000	전북특별자치도	전주시덕진구	인후1동	35.834464	127.158775	63	89	3603
5211355000	전북특별자치도	전주시덕진구	인후2동	35.836919	127.148333	63	89	3604
5211356000	전북특별자치도	전주시덕진구	인후3동	35.825058	127.163397	64	89	3605
5211357000	전북특별자치도	전주시덕진구	덕진동	35.842367	127.122778	63	89	3606
5211357500	전북특별자치도	전주시덕진구	금암동	35.834742	127.13311	63	89	3607
5211360000	전북특별자치도	전주시덕진구	팔복동	35.850644	127.108356	63	89	3608
5211361100	전북특별자치도	전주시덕진구	우아1동	35.846872	127.161656	64	89	3609
5211361200	전북특별자치도	전주시덕진구	우아2동	35.834761	127.169133	64	89	3610
5211362000	전북특별자치도	전주시덕진구	호성동	35.860647	127.151756	63	90	3611
5211364100	전북특별자치도	전주시덕진구	송천1동	35.854167	127.122942	63	90	3612
5211364200	전북특별자치도	전주시덕진구	송천2동	35.858053	127.122042	63	90	3613
5211364300	전북특별자치도	전주시덕진구	송천3동	35.875345	127.130352	63	90	3614
5211365000	전북특별자치도	전주시덕진구	조촌동	35.872167	127.078253	62	90	3615
5211366500	전북특별자치도	전주시덕진구	여의동	35.871052	127.072262	62	90	3616
5211367000	전북특별자치도	전주시덕진구	혁신동	35.837433	127.061448	62	89	3617
5213000000	전북특별자치도	군산시		35.964642	126.738844	56	92	3618
5213025000	전북특별자치도	군산시	옥구읍	35.919975	126.687264	55	91	3619
5213031000	전북특별자치도	군산시	옥산면	35.936517	126.750422	56	91	3620
5213032000	전북특별자치도	군산시	회현면	35.910117	126.759	56	91	3621
5213033000	전북특별자치도	군산시	임피면	35.979506	126.852597	58	92	3622
5213034000	전북특별자치도	군산시	서수면	35.980297	126.877842	58	92	3623
5213035000	전북특별자치도	군산시	대야면	35.943617	126.813742	57	91	3624
5213036000	전북특별자치도	군산시	개정면	35.955425	126.798531	57	92	3625
5213037000	전북특별자치도	군산시	성산면	35.986686	126.788133	57	92	3626
5213038000	전북특별자치도	군산시	나포면	36.024567	126.835267	58	93	3627
5213039000	전북특별자치도	군산시	옥도면	36.116581	125.979053	43	95	3628
5213040000	전북특별자치도	군산시	옥서면	35.921442	126.647056	54	91	3629
5213051500	전북특별자치도	군산시	해신동	35.986764	126.709075	55	92	3630
5213053000	전북특별자치도	군산시	월명동	35.987397	126.711764	56	92	3631
5213055000	전북특별자치도	군산시	신풍동	35.969922	126.702833	55	92	3632
5213056000	전북특별자치도	군산시	삼학동	35.972236	126.713431	56	92	3633
5213060500	전북특별자치도	군산시	중앙동	35.982592	126.720578	56	92	3634
5213064000	전북특별자치도	군산시	흥남동	35.972536	126.718742	56	92	3635
5213065000	전북특별자치도	군산시	조촌동	35.970092	126.740131	56	92	3636
5213066000	전북특별자치도	군산시	경암동	35.976636	126.731933	56	92	3637
5213067000	전북특별자치도	군산시	구암동	35.982744	126.746119	56	92	3638
5213068000	전북특별자치도	군산시	개정동	35.961447	126.756519	56	92	3639
5213069000	전북특별자치도	군산시	수송동	35.962492	126.715822	56	92	3640
5213070100	전북특별자치도	군산시	나운1동	35.963803	126.696864	55	92	3641
5213070200	전북특별자치도	군산시	나운2동	35.961919	126.701756	55	92	3642
5213070300	전북특별자치도	군산시	나운3동	35.955825	126.691356	55	92	3643
5213071000	전북특별자치도	군산시	소룡동	35.97135	126.681308	55	92	3644
5213072000	전북특별자치도	군산시	미성동	35.956364	126.658775	55	92	3645
5214000000	전북특별자치도	익산시		35.945275	126.959853	60	91	3646
5214025000	전북특별자치도	익산시	함열읍	36.071658	126.966689	60	94	3647
5214031000	전북특별자치도	익산시	오산면	35.935733	126.918275	59	91	3648
5214032000	전북특별자치도	익산시	황등면	36.001464	126.947056	60	93	3649
5214033000	전북특별자치도	익산시	함라면	36.057033	126.912489	59	94	3650
5214034000	전북특별자치도	익산시	웅포면	36.061481	126.879019	58	94	3651
5214035000	전북특별자치도	익산시	성당면	36.085325	126.937122	59	95	3652
5214036000	전북특별자치도	익산시	용안면	36.117067	126.9544	60	95	3653
5214037000	전북특별자치도	익산시	낭산면	36.0751	127.012	61	94	3654
5214038000	전북특별자치도	익산시	망성면	36.129653	127.022653	61	96	3655
5214039000	전북특별자치도	익산시	여산면	36.055731	127.088111	62	94	3656
5214040000	전북특별자치도	익산시	금마면	35.990069	127.055089	62	92	3657
5214041000	전북특별자치도	익산시	왕궁면	35.963392	127.089956	62	92	3658
5214042000	전북특별자치도	익산시	춘포면	35.897714	127.007344	61	90	3659
5214043000	전북특별자치도	익산시	삼기면	36.017344	126.986175	60	93	3660
5214044000	전북특별자치도	익산시	용동면	36.106967	126.995131	60	95	3661
5214052000	전북특별자치도	익산시	중앙동	35.936797	126.954444	60	91	3662
5214053000	전북특별자치도	익산시	평화동	35.929228	126.947531	60	91	3663
5214056000	전북특별자치도	익산시	인화동	35.926511	126.9557	60	91	3664
5214057000	전북특별자치도	익산시	동산동	35.926681	126.963056	60	91	3665
5214058000	전북특별자치도	익산시	마동	35.934914	126.960431	60	91	3666
5214059500	전북특별자치도	익산시	남중동	35.948108	126.961167	60	92	3667
5214061000	전북특별자치도	익산시	모현동	35.945169	126.947489	60	91	3668
5214062000	전북특별자치도	익산시	송학동	35.935331	126.942997	60	91	3669
5214064600	전북특별자치도	익산시	영등1동	35.949383	126.974656	60	92	3670
5214064700	전북특별자치도	익산시	영등2동	35.957236	126.979086	60	92	3671
5214065200	전북특별자치도	익산시	어양동	35.952353	126.986478	60	92	3672
5214065600	전북특별자치도	익산시	신동	35.956842	126.963389	60	92	3673
5214067000	전북특별자치도	익산시	팔봉동	35.963408	127.015789	61	92	3674
5214069000	전북특별자치도	익산시	삼성동	35.959731	126.991553	60	92	3675
5218000000	전북특별자치도	정읍시		35.566872	126.858111	58	83	3676
5218025000	전북특별자치도	정읍시	신태인읍	35.685144	126.888742	59	86	3677
5218031000	전북특별자치도	정읍시	북면	35.606225	126.894331	59	84	3678
5218032000	전북특별자치도	정읍시	입암면	35.500778	126.795308	57	82	3679
5218033000	전북특별자치도	정읍시	소성면	35.553847	126.785308	57	83	3680
5218034000	전북특별자치도	정읍시	고부면	35.615553	126.773797	57	84	3681
5218035000	전북특별자치도	정읍시	영원면	35.652097	126.787375	57	85	3682
5218036000	전북특별자치도	정읍시	덕천면	35.6156	126.844678	58	84	3683
5218037000	전북특별자치도	정읍시	이평면	35.661911	126.840244	58	85	3684
5218038000	전북특별자치도	정읍시	정우면	35.641858	126.877975	59	85	3685
5218039000	전북특별자치도	정읍시	태인면	35.647683	126.934631	60	85	3686
5218040000	전북특별자치도	정읍시	감곡면	35.711867	126.930586	59	86	3687
5218041000	전북특별자치도	정읍시	옹동면	35.640469	126.9766	60	85	3688
5218042000	전북특별자치도	정읍시	칠보면	35.599622	126.995667	61	84	3689
5218043000	전북특별자치도	정읍시	산내면	35.565267	127.032319	61	83	3690
5218044000	전북특별자치도	정읍시	산외면	35.618442	127.044189	61	84	3691
5218051000	전북특별자치도	정읍시	수성동	35.566164	126.855375	58	83	3692
5218052000	전북특별자치도	정읍시	장명동	35.564597	126.858708	58	83	3693
5218053500	전북특별자치도	정읍시	내장상동	35.554372	126.870864	58	83	3694
5218054500	전북특별자치도	정읍시	시기동	35.562756	126.851142	58	83	3695
5218056500	전북특별자치도	정읍시	초산동	35.561906	126.852452	58	83	3696
5218057000	전북특별자치도	정읍시	연지동	35.565353	126.847419	58	83	3697
5218058000	전북특별자치도	정읍시	농소동	35.580269	126.830511	58	84	3698
5218059500	전북특별자치도	정읍시	상교동	35.547072	126.839833	58	83	3699
5219000000	전북특별자치도	남원시		35.413256	127.3925	68	80	3700
5219025000	전북특별자치도	남원시	운봉읍	35.436728	127.531053	70	81	3701
5219031000	전북특별자치도	남원시	주천면	35.387806	127.444067	69	79	3702
5219032000	전북특별자치도	남원시	수지면	35.336242	127.373642	67	78	3703
5219033000	전북특별자치도	남원시	송동면	35.351628	127.339256	67	79	3704
5219034000	전북특별자치도	남원시	주생면	35.375783	127.323667	67	79	3705
5219035000	전북특별자치도	남원시	금지면	35.354536	127.306019	66	79	3706
5219036000	전북특별자치도	남원시	대강면	35.344258	127.229886	65	78	3707
5219037000	전북특별자치도	남원시	대산면	35.42905	127.3273	67	80	3708
5219038000	전북특별자치도	남원시	사매면	35.495492	127.362611	67	82	3709
5219039000	전북특별자치도	남원시	덕과면	35.514103	127.354208	67	82	3710
5219040000	전북특별자치도	남원시	보절면	35.510075	127.404486	68	82	3711
5219041000	전북특별자치도	남원시	산동면	35.489653	127.478333	69	82	3712
5219042000	전북특별자치도	남원시	이백면	35.423819	127.460064	69	80	3713
5219045000	전북특별자치도	남원시	아영면	35.505575	127.615031	72	82	3714
5219046000	전북특별자치도	남원시	산내면	35.41615	127.625367	72	80	3715
5219047000	전북특별자치도	남원시	인월면	35.461333	127.602286	71	81	3716
5219051000	전북특별자치도	남원시	동충동	35.407969	127.385097	68	80	3717
5219052000	전북특별자치도	남원시	죽항동	35.404528	127.386667	68	80	3718
5219054000	전북특별자치도	남원시	노암동	35.396536	127.382344	68	80	3719
5219055000	전북특별자치도	남원시	금동	35.399444	127.377489	67	80	3720
5219056000	전북특별자치도	남원시	왕정동	35.405197	127.371864	67	80	3721
5219057000	전북특별자치도	남원시	향교동	35.414019	127.382908	68	80	3722
5219059000	전북특별자치도	남원시	도통동	35.416797	127.402197	68	80	3723
5221000000	전북특별자치도	김제시		35.800575	126.882753	59	88	3724
5221025000	전북특별자치도	김제시	만경읍	35.851372	126.822008	58	89	3725
5221032000	전북특별자치도	김제시	죽산면	35.769442	126.815822	57	88	3726
5221033000	전북특별자치도	김제시	백산면	35.824975	126.894344	59	89	3727
5221034000	전북특별자치도	김제시	용지면	35.850692	126.957678	60	89	3728
5221035000	전북특별자치도	김제시	백구면	35.887708	126.969608	60	90	3729
5221036000	전북특별자치도	김제시	부량면	35.730942	126.846019	58	87	3730
5221038000	전북특별자치도	김제시	공덕면	35.889297	126.915008	59	90	3731
5221039000	전북특별자치도	김제시	청하면	35.900392	126.8428	58	90	3732
5221040000	전북특별자치도	김제시	성덕면	35.817531	126.807931	57	89	3733
5221041000	전북특별자치도	김제시	진봉면	35.856011	126.768153	57	90	3734
5221042000	전북특별자치도	김제시	금구면	35.771403	127.013356	61	88	3735
5221043000	전북특별자치도	김제시	봉남면	35.750561	126.964353	60	87	3736
5221044000	전북특별자치도	김제시	황산면	35.791556	126.944378	60	88	3737
5221045000	전북특별자치도	김제시	금산면	35.713572	126.998267	61	86	3738
5221046000	전북특별자치도	김제시	광활면	35.830756	126.743864	56	89	3739
5221051000	전북특별자치도	김제시	요촌동	35.802167	126.893511	59	88	3740
5221052000	전북특별자치도	김제시	신풍동	35.793008	126.899956	59	88	3741
5221054000	전북특별자치도	김제시	검산동	35.80445	126.913733	59	88	3742
5221058000	전북특별자치도	김제시	교월동	35.799431	126.876811	59	88	3743
5271000000	전북특별자치도	완주군		35.842969	127.149597	63	89	3744
5271025000	전북특별자치도	완주군	삼례읍	35.906494	127.073797	62	91	3745
5271025300	전북특별자치도	완주군	봉동읍	35.934256	127.164378	64	91	3746
5271025600	전북특별자치도	완주군	용진읍	35.877367	127.158411	63	90	3747
5271032000	전북특별자치도	완주군	상관면	35.763972	127.212753	64	88	3748
5271033000	전북특별자치도	완주군	이서면	35.817639	127.024664	61	89	3749
5271034000	전북특별자치도	완주군	소양면	35.853008	127.2354	65	90	3750
5271035000	전북특별자치도	완주군	구이면	35.728911	127.123022	63	87	3751
5271036000	전북특별자치도	완주군	고산면	35.973517	127.207197	64	92	3752
5271037000	전북특별자치도	완주군	비봉면	35.992922	127.142197	63	93	3753
5271038000	전북특별자치도	완주군	운주면	36.089514	127.279508	66	95	3754
5271039000	전북특별자치도	완주군	화산면	36.032678	127.205531	64	93	3755
5271040000	전북특별자치도	완주군	동상면	35.933881	127.298856	66	91	3756
5271041000	전북특별자치도	완주군	경천면	36.019561	127.254753	65	93	3757
5272000000	전북특별자치도	진안군		35.788719	127.426967	68	88	3758
5272025000	전북특별자치도	진안군	진안읍	35.786281	127.4253	68	88	3759
5272031000	전북특별자치도	진안군	용담면	35.963711	127.522244	70	92	3760
5272032000	전북특별자치도	진안군	안천면	35.894156	127.554942	70	91	3761
5272033000	전북특별자치도	진안군	동향면	35.835178	127.570064	71	89	3762
5272034000	전북특별자치도	진안군	상전면	35.819936	127.489231	69	89	3763
5272035000	전북특별자치도	진안군	백운면	35.689506	127.4	68	86	3764
5272036000	전북특별자치도	진안군	성수면	35.705533	127.325597	66	86	3765
5272037000	전북특별자치도	진안군	마령면	35.731356	127.372922	67	87	3766
5272038000	전북특별자치도	진안군	부귀면	35.834033	127.362808	67	89	3767
5272039000	전북특별자치도	진안군	정천면	35.870131	127.430719	68	90	3768
5272040000	전북특별자치도	진안군	주천면	35.972244	127.4278	68	92	3769
5273000000	전북특별자치도	무주군		36.003828	127.662867	72	93	3770
5273025000	전북특별자치도	무주군	무주읍	36.005761	127.664411	72	93	3771
5273031000	전북특별자치도	무주군	무풍면	35.966942	127.846689	76	92	3772
5273032000	전북특별자치도	무주군	설천면	36.005153	127.791708	75	93	3773
5273033000	전북특별자치도	무주군	적상면	35.942492	127.661575	72	92	3774
5273034000	전북특별자치도	무주군	안성면	35.860431	127.655178	72	90	3775
5273035000	전북특별자치도	무주군	부남면	35.970839	127.560922	71	92	3776
5274000000	전북특별자치도	장수군		35.644297	127.5233	70	85	3777
5274025000	전북특별자치도	장수군	장수읍	35.651147	127.521819	70	85	3778
5274031000	전북특별자치도	장수군	산서면	35.581017	127.398397	68	84	3779
5274032000	전북특별자치도	장수군	번암면	35.528978	127.545986	70	83	3780
5274033500	전북특별자치도	장수군	장계면	35.728911	127.591019	71	87	3781
5274034000	전북특별자치도	장수군	천천면	35.730475	127.534608	70	87	3782
5274035000	전북특별자치도	장수군	계남면	35.699914	127.579867	71	86	3783
5274036000	전북특별자치도	장수군	계북면	35.782508	127.614622	72	88	3784
5275000000	전북특별자치도	임실군		35.608064	127.284753	66	84	3785
5275025000	전북특별자치도	임실군	임실읍	35.610431	127.281344	66	84	3786
5275031000	전북특별자치도	임실군	청웅면	35.566764	127.203422	64	83	3787
5275032000	전북특별자치도	임실군	운암면	35.660575	127.157678	63	85	3788
5275033000	전북특별자치도	임실군	신평면	35.65405	127.226019	65	85	3789
5275034000	전북특별자치도	임실군	성수면	35.626881	127.335219	67	85	3790
5275035500	전북특별자치도	임실군	오수면	35.538286	127.329	67	83	3791
5275036000	전북특별자치도	임실군	신덕면	35.680942	127.1804	64	86	3792
5275037000	전북특별자치도	임실군	삼계면	35.504619	127.276511	66	82	3793
5275038000	전북특별자치도	임실군	관촌면	35.670778	127.272908	66	86	3794
5275039000	전북특별자치도	임실군	강진면	35.527261	127.1657	64	82	3795
5275040000	전북특별자치도	임실군	덕치면	35.507083	127.159331	64	82	3796
5275041000	전북특별자치도	임실군	지사면	35.560856	127.359656	67	83	3797
5277000000	전북특별자치도	순창군		35.371389	127.139631	63	79	3798
5277025000	전북특별자치도	순창군	순창읍	35.373903	127.149108	63	79	3799
5277031000	전북특별자치도	순창군	인계면	35.408825	127.143342	63	80	3800
5277032000	전북특별자치도	순창군	동계면	35.438517	127.244364	65	81	3801
5277033000	전북특별자치도	순창군	풍산면	35.334219	127.140678	63	78	3802
5277034000	전북특별자치도	순창군	금과면	35.336572	127.088511	62	78	3803
5277035000	전북특별자치도	순창군	팔덕면	35.388542	127.099167	63	79	3804
5277036000	전북특별자치도	순창군	쌍치면	35.497528	127.003444	61	82	3805
5277037000	전북특별자치도	순창군	복흥면	35.429119	126.931811	60	80	3806
5277038000	전북특별자치도	순창군	적성면	35.394481	127.210653	65	80	3807
5277039000	전북특별자치도	순창군	유등면	35.358264	127.189522	64	79	3808
5277040000	전북특별자치도	순창군	구림면	35.449908	127.104444	63	81	3809
5279000000	전북특별자치도	고창군		35.432739	126.704108	56	80	3810
5279025000	전북특별자치도	고창군	고창읍	35.431386	126.705089	56	80	3811
5279031000	전북특별자치도	고창군	고수면	35.406889	126.680719	55	80	3812
5279032000	전북특별자치도	고창군	아산면	35.436797	126.636886	54	80	3813
5279033000	전북특별자치도	고창군	무장면	35.416203	126.562753	53	80	3814
5279034000	전북특별자치도	고창군	공음면	35.374722	126.513667	52	79	3815
5279035000	전북특별자치도	고창군	상하면	35.441486	126.497231	52	80	3816
5279036000	전북특별자치도	고창군	해리면	35.457883	126.541153	53	81	3817
5279037000	전북특별자치도	고창군	성송면	35.361325	126.648689	55	79	3818
5279038000	전북특별자치도	고창군	대산면	35.338006	126.605497	54	78	3819
5279039000	전북특별자치도	고창군	심원면	35.521286	126.553119	53	82	3820
5279040000	전북특별자치도	고창군	흥덕면	35.514781	126.705678	56	82	3821
5279041000	전북특별자치도	고창군	성내면	35.534914	126.745422	56	83	3822
5279042000	전북특별자치도	고창군	신림면	35.486025	126.714197	56	81	3823
5279043000	전북특별자치도	고창군	부안면	35.511178	126.676133	55	82	3824
5280000000	전북특별자치도	부안군		35.728533	126.735678	56	87	3825
5280025000	전북특별자치도	부안군	부안읍	35.726697	126.739019	56	87	3826
5280031000	전북특별자치도	부안군	주산면	35.668894	126.713097	56	85	3827
5280032000	전북특별자치도	부안군	동진면	35.746619	126.740864	56	87	3828
5280033000	전북특별자치도	부안군	행안면	35.723178	126.725922	56	87	3829
5280034000	전북특별자치도	부안군	계화면	35.7587	126.700122	55	87	3830
5280035000	전북특별자치도	부안군	보안면	35.609067	126.673389	55	84	3831
5280036000	전북특별자치도	부안군	변산면	35.660531	126.530489	52	85	3832
5280037000	전북특별자치도	부안군	진서면	35.584658	126.607456	54	84	3833
5280038000	전북특별자치도	부안군	백산면	35.700978	126.788689	57	86	3834
5280039000	전북특별자치도	부안군	상서면	35.683394	126.680097	55	86	3835
5280040000	전북특별자치도	부안군	하서면	35.712475	126.664042	55	86	3836
5280041000	전북특별자치도	부안군	줄포면	35.587314	126.679608	55	84	3837
5280042000	전북특별자치도	부안군	위도면	35.599767	126.295097	48	84	3838
